label,kind,n_ind,date_bp,date_min,date_max,region,median_coverage,median_snps,median_damage,mean_alpha,note,D_VA,D_VA_se,D_VA_z,D_NEA,D_NEA_se,D_NEA_z,R,R_se,testable,n_snp
ANC_Africa,ancient-other,196,2227.5,73.0,15950.0,Africa,1.47663255,301732.0,0.093,0.008943443877551022,,0.03453297258966904,0.004049837806511419,8.527001386116293,0.016324490681433275,0.002061637806978785,7.91821464768145,,,False,507219
ANC_Americas,ancient-other,855,883.0,60.0,12712.0,Americas,1.7777939,305649.0,0.097,0.02023495555555556,,0.07869144214465712,0.008205654976793087,9.589903836708853,0.03314808774435183,0.0037575127759487898,8.82181637718631,2.37393610007158,0.36858086574941673,True,507219
ANC_Oceania,ancient-other,160,525.0,135.0,2885.0,Oceania,3.2626219,321723.5,0.11,0.021164131250000003,,0.0727763986428598,0.007941294716298033,9.164298926408026,0.03521295658037539,0.0038478543410103453,9.151322648853021,2.066750585874376,0.3068300725668305,True,507089
CTRL_Chimp,control-reference,1,,,,,,,,,Chimp as the test population,-0.08454532171448904,0.011173644595733574,-7.566494619559578,-1.0,0.0,,,,False,507219
CTRL_Denisova,control-reference,1,,,,,,,,,Denisova as the test population,-0.14666706046406391,0.021798261474950658,-6.728383391152799,0.047960849576042644,0.008154234123882102,5.881711126686321,-3.058058015246813,0.5661661771384785,True,258424
CTRL_Mbuti,control-reference,15,,,,,,,,,Mbuti as the test population,-0.0211943636369989,0.005137712543490349,-4.1252529131574045,-0.0003529747456882419,0.0024648838202110303,-0.1432013723300038,,,False,505844
Caucasus_Bronze,grid,307,3842.0,3001.0,4991.0,Caucasus,2.1180179,324573.0,0.115,0.01832681107491857,,0.07113024251146137,0.0060836792550256645,11.691977753873433,0.030173972934722484,0.0036657042091094876,8.231425999877025,2.3573376520666507,0.34422442345388937,True,507219
Caucasus_Iron_Classical,grid,127,2599.0,1513.0,2987.0,Caucasus,2.06290157,331625.0,0.119,0.01932486614173228,,0.06868836838819892,0.006164438384682458,11.142680663152932,0.030371121043612732,0.003607987885167774,8.417744740348665,2.261634277166222,0.3231638736895904,True,507219
Caucasus_Medieval_Recent,grid,36,975.0,168.0,1470.0,Caucasus,2.056186605,355795.5,0.096,0.019872833333333336,,0.07196202841290465,0.006109897191391017,11.777944236819692,0.03083408551743412,0.0035268139144947275,8.7427594040928,2.333846689638844,0.33087539671894034,True,507219
Caucasus_Neolithic,grid,98,5534.0,5040.0,7920.0,Caucasus,2.1233692800000004,335198.0,0.127,0.018266030612244896,,0.0696914335354593,0.006492520154770085,10.73411123479635,0.03015497260589051,0.0036838779571061486,8.185660045475174,2.3111091641928962,0.3324203330132143,True,507218
CentralAsia_Bronze,grid,74,3760.0,3003.0,4998.0,CentralAsia,1.72860385,297691.0,0.126,0.018995472972972972,,0.0677848126380172,0.006230277861430057,10.879902011699093,0.03091925084608131,0.0034958499971022446,8.844558797348478,2.1923174327688537,0.3022382982558854,True,507201
CentralAsia_Iron_Classical,grid,134,2837.5,1588.0,2950.0,CentralAsia,1.823694925,309871.5,0.133,0.018006111940298507,,0.0715679413941012,0.005982421810807252,11.963038324180625,0.0302291808567286,0.003619417566927585,8.351946217244352,2.367511767298556,0.3413864361903721,True,507218
CentralAsia_Medieval_Recent,grid,43,1000.0,382.0,1475.0,CentralAsia,0.90362138,257866.0,0.0917258,0.01907560465116279,,0.0695164906601158,0.005993537030187953,11.5985753170421,0.02998808633029469,0.003497625077163772,8.573842441286493,2.318136939264729,0.3353601406420849,True,507219
CentralAsia_Neolithic,grid,35,5163.0,5000.0,7686.0,CentralAsia,1.68259376,335404.0,0.186,0.01911422857142857,,0.06271985453391833,0.006870481616707486,9.128887614137206,0.025835969764326356,0.003730344622091366,6.925893551851458,2.4276175853294384,0.3991221578463703,True,507217
EastAsia_Bronze,grid,212,4153.5,3001.0,4996.0,EastAsia,1.163623,289283.0,0.0835,0.02236985849056604,,0.07435554559714387,0.007879379035425627,9.43672658249361,0.03332227375144215,0.003662056922056352,9.099332550169843,2.2314067206751114,0.350247731636303,True,507219
EastAsia_Iron_Classical,grid,204,2051.0,1528.0,2968.0,EastAsia,1.776213045,299059.0,0.155,0.022517151960784312,,0.07516836646483106,0.007544165746009588,9.96377452398771,0.033843696863464036,0.0037609811847786933,8.998634983986365,2.2210447862148026,0.3489474254472111,True,507219
EastAsia_LateGlacial_Meso,grid,20,9417.0,8142.0,14521.0,EastAsia,3.34410271,275526.0,0.4275,0.02095135,,0.07089902976763633,0.008329461469426157,8.511838373690297,0.03318615838086442,0.003903634665427314,8.501348416330776,2.1364036461815257,0.3746343436190285,True,507218
EastAsia_Medieval_Recent,grid,111,700.0,142.0,1496.0,EastAsia,1.82970767,336223.0,0.242,0.022917729729729722,,0.07421157579837374,0.007432076335276848,9.985308606980196,0.03396835744023303,0.0035112724680706636,9.67408759904571,2.184726651235587,0.3233872661226638,True,507219
EastAsia_Neolithic,grid,150,6950.0,5075.0,7944.0,EastAsia,1.2392527100000001,245747.5,0.089,0.020061353333333334,,0.07590787659106202,0.007542588948200134,10.063902078234781,0.031215525696292826,0.003971475085242564,7.859932399496921,2.4317346864376814,0.40410031881628194,True,507219
Europe_Bronze,grid,1432,4044.0,3000.0,4998.0,Europe,1.330430815,295112.0,0.108,0.02073380027932961,,0.07502880956317765,0.006127977555159301,12.243649538175767,0.032290996831741595,0.003869247843312387,8.345548835170483,2.3235210097145527,0.3299567546435636,True,507219
Europe_Iron_Classical,grid,1646,2175.0,1500.0,2993.0,Europe,1.6182464699999999,329557.5,0.116,0.02066665613608748,,0.07481129484582384,0.006060573368589379,12.343930234976504,0.031505996134651486,0.003810272431006684,8.268699077332778,2.3745097449416477,0.33463165875432377,True,507219
Europe_LateGlacial_Meso,grid,145,8704.0,8001.0,14021.0,Europe,2.5722,387986.0,0.224,0.02284624827586207,,0.07648466856194479,0.006159155349982746,12.418045042841637,0.032814467368091065,0.004113997287443309,7.976297764766878,2.330821576470835,0.3457140741533503,True,507219
Europe_Medieval_Recent,grid,2984,1175.0,100.0,1498.0,Europe,1.69650342,331475.5,0.154,0.022128825402144774,,0.07624286889799806,0.006055717738188579,12.590228308891467,0.03293676073919077,0.0036949738969476566,8.913935972971057,2.3148259630546564,0.3106958114790209,True,507219
Europe_Neolithic,grid,1462,6427.0,5000.0,7994.0,Europe,1.63508103,322542.0,0.116,0.020602561559507522,,0.07441892564956344,0.006461407961250723,11.517447295675524,0.03189852927586511,0.003822618651959848,8.34467996422055,2.3329892424184546,0.3330831738131502,True,507219
Europe_Palaeolithic,grid,28,30940.5,15411.0,45875.0,Europe,1.00765,287637.0,0.33740000000000003,0.027455285714285713,,0.07078026275301048,0.005501688694125566,12.865188615376617,0.03898811802897903,0.004443072070561734,8.775036148367,1.8154316322834827,0.24977288425484506,True,507218
InnerAsia_Bronze,grid,59,3722.0,3046.0,4952.0,InnerAsia,1.7290323,322813.0,0.077126955,0.0204402372881356,,0.07525517662769106,0.007056056908283846,10.665330170359185,0.03364543724587247,0.0037236069199436408,9.035711332919565,2.2367126953276006,0.329417529607477,True,507190
InnerAsia_Iron_Classical,grid,220,2225.0,1509.0,2930.0,InnerAsia,1.49165985,299121.5,0.06078782,0.022042304545454545,,0.07390310417903177,0.006249254146084982,11.825907932601911,0.033848297763359105,0.003547420321098365,9.54166540740762,2.1833625045402467,0.29899277604425345,True,507219
InnerAsia_Medieval_Recent,grid,61,1008.0,124.0,1494.0,InnerAsia,0.87481999,249772.0,0.037,0.020294950819672128,,0.07364600344905935,0.0065627108054965595,11.221887666812558,0.03250271922695885,0.0035686693251291654,9.107797967743183,2.265841295763798,0.3203244385851597,True,507216
NearEast_Bronze,grid,106,3513.0,3095.0,4550.0,NearEast,1.1680321949999999,250454.5,0.15,0.01902679245283019,,0.0675090313620291,0.006487166727836562,10.406550994341874,0.028701265227307864,0.003561258059984715,8.059305094961596,2.3521273653747334,0.3539814818683342,True,507214
NearEast_Iron_Classical,grid,29,2375.0,1525.0,2951.0,NearEast,0.93970307,252784.0,0.161,0.02066686206896551,,0.07084801367528111,0.007041717877186241,10.061183209968483,0.030315996587089188,0.003630322545180874,8.350772199933752,2.3369844851299884,0.33384191647983336,True,507208
NearEast_Medieval_Recent,grid,24,800.0,60.0,1465.0,NearEast,0.7582121799999999,234313.0,0.0775,0.019277208333333334,,0.06721860334235924,0.0064116626839995795,10.483802198469437,0.028420517133215417,0.0034332128723665927,8.278110967708361,2.365143569600991,0.319555173087045,True,507214
Siberia_Bronze,grid,145,4065.0,3003.0,4952.0,Siberia,2.27932566,341257.0,0.079,0.02222168275862069,,0.07490525707975076,0.006648157333304468,11.267070456426621,0.03464907106954589,0.0037578534973247714,9.220442226982154,2.1618258373912727,0.30768109672662736,True,507219
Siberia_Iron_Classical,grid,103,2270.0,1596.0,2977.0,Siberia,2.33700231,353481.0,0.06873171,0.022223786407766982,,0.07435887703218291,0.006935074633894366,10.722145176169064,0.033928651378434566,0.0037093034855967054,9.146906288520244,2.1916248955137148,0.3236433340787909,True,507219
Siberia_Neolithic,grid,66,5971.5,5000.0,7651.0,Siberia,2.30745371,311268.0,0.092,0.02030883333333333,,0.07454179061633062,0.007576469376426588,9.838591949999797,0.034329251316310545,0.003916381559776407,8.765553302796794,2.171378278235688,0.3420356116344714,True,507214
SouthAsia_Iron_Classical,grid,67,2243.0,1500.0,2962.0,SouthAsia,1.6317,307432.0,0.096,0.020193059701492537,,0.07067936888113358,0.008232345606304125,8.58556871409882,0.03150519526297738,0.003942248655368307,7.991681402459376,2.2434194833951984,0.40790161443217005,True,507219
SouthAsia_Medieval_Recent,grid,30,900.0,90.0,1450.0,SouthAsia,4.81958661,374471.0,0.143,0.021296899999999997,,0.07101367134645936,0.007240052673980158,9.80844678128843,0.03314798761277007,0.004007755669780925,8.270960194183202,2.142322248217016,0.34700132482609203,True,507194
WestSiberia_Bronze,grid,209,3841.0,3000.0,4984.0,WestSiberia,1.888494085,347191.0,0.0735,0.022013736842105263,,0.07334390045842067,0.006438606615147604,11.391269080777544,0.0334801918397645,0.003887925908160135,8.611324554692498,2.190665477947171,0.31610937638196307,True,507219
WestSiberia_Iron_Classical,grid,102,2227.0,1508.0,2990.0,WestSiberia,0.9000755199999999,272737.5,0.085,0.02191336274509804,,0.07368772531967363,0.0065098701498127074,11.319384814733004,0.032510835670557674,0.003610154429782983,9.00538641847296,2.266558942574534,0.3190220959292047,True,507219
WestSiberia_LateGlacial_Meso,grid,37,8342.0,8110.0,12711.0,WestSiberia,1.3884,292809.0,0.331,0.02510997297297297,,0.07534567814230977,0.0074782870561965285,10.075258889651494,0.03631034606182431,0.004198346766659533,8.648724862409374,2.0750470957787464,0.3181745114225623,True,507217
WestSiberia_Medieval_Recent,grid,129,950.0,132.0,1482.0,WestSiberia,2.20471929,347469.0,0.077,0.021490170542635658,,0.07411543933660765,0.006421475876897721,11.541807640086246,0.03374677099461845,0.0037275301437882237,9.05338647652684,2.1962231393464795,0.3044773024256331,True,507219
WestSiberia_Neolithic,grid,191,6617.0,5003.0,7977.0,WestSiberia,2.74019567,368631.0,0.103,0.02280184816753927,,0.07420993734854381,0.006931037549179783,10.70690164668431,0.03395177094019245,0.004129414032138754,8.221934317060418,2.1857457002542784,0.34066666008988505,True,507219
IUP_Eurasia_45ka,named,10,45875.0,43250.0,45875.0,Europe,1.07905,308679.5,0.5302,0.028385099999999996,"Zlaty kun, Ranis, Bacho Kiro IUP, Ust'-Ishim — the basal ~45 kya group",0.0650702740163061,0.006821100028721012,9.539557218384186,0.03904061826620169,0.004379538295728035,8.914322841812657,1.6667326724341056,0.2671215876441359,True,507218
UP_Europe_post_LGM,named,5,17045.0,15411.0,24450.0,Europe,1.6271,277114.0,0.12755,0.026746799999999998,Late Upper Palaeolithic / Magdalenian Europe,0.08068810778278204,0.0074248415114654236,10.867317188950585,0.03744973963765168,0.004663602962268656,8.030216109870958,2.154570594174675,0.3185978585334163,True,500298
UP_Europe_pre_LGM,named,14,30246.0,27203.0,35208.0,Europe,1.00285,284937.5,0.259,0.026753785714285716,"Kostenki, Sunghir, Vestonice, Goyet, Gravettian",0.07254574290584394,0.007130643249678395,10.173800646823256,0.03909513023415607,0.00546955564592145,7.147770818148382,1.8556209551250764,0.30088591542009513,True,507203
UP_NorthEastAsia,named,8,31850.0,16736.0,39565.0,EastAsia,4.3627835699999995,411800.5,,0.02052625,"Tianyuan, Salkhit, Amur, Yana, Mal'ta — Palaeolithic east of 75E",0.07348743320075606,0.007060241119971951,10.40862938701561,0.03256627534060437,0.004834923277448618,6.735634356909494,2.25655014066439,0.4254161086597393,True,507215
UstIshim_44ka,named,1,44366.0,44366.0,44366.0,WestSiberia,40.6597621,505813.0,,0.02339,"single 40x genome, 44 kya",0.05625817430541966,0.012238609718652222,4.5967781961115675,0.032450721231610934,0.00618958703847124,5.242792617651905,1.7336494281248018,0.4910977798301683,True,507183
Oase1_40ka,named-lowpower,1,39982.0,39982.0,39982.0,Europe,0.051,25775.0,,0.097978,admitted below the SNP floor; power-limited by construction,0.07364165685111593,0.04681790199499514,1.572937994081586,0.1179737578690663,0.024244899178318215,4.865920744870251,0.6242206587404586,0.412587595101334,True,25838
NULLcov_EastAsia_Bronze_HI,null-coverage,106,4097.5,3001.0,4996.0,EastAsia,2.12169238,363995.5,0.087,0.02228250943396226,,0.07361912994059817,0.007899795215754537,9.319118778393113,0.033407508411843985,0.0036867403644163456,9.061529999314933,2.203670175968524,0.3481885394441114,True,507219
NULLcov_EastAsia_Bronze_LO,null-coverage,106,4238.5,3005.0,4950.0,EastAsia,0.56335,199219.0,0.073,0.022457207547169816,,0.07566485685730329,0.007992087540947577,9.467470979219545,0.03317763131429476,0.0036673825408622754,9.04667864468102,2.280598519542372,0.3607614565485586,True,507219
NULLcov_Europe_Bronze_HI,null-coverage,716,4025.0,3000.0,4995.0,Europe,2.81490111,359805.0,0.111,0.020764067039106146,,0.07529509679712308,0.006115416034431463,12.312342508374101,0.03209259627554786,0.0038654993591213348,8.302315766737786,2.346182781556139,0.3317797074530316,True,507219
NULLcov_Europe_Bronze_LO,null-coverage,716,4052.0,3000.0,4998.0,Europe,0.71304032,208963.5,0.102,0.02070353351955307,,0.07429311086124481,0.00617546012029561,12.030376589605197,0.03282432853627382,0.003893604680369156,8.430318748528347,2.263355083688743,0.3261282165666158,True,507218
NULLcov_Europe_Iron_Classical_HI,null-coverage,823,2175.0,1500.0,2977.0,Europe,3.3809500000000003,378268.0,0.117,0.020767667071688947,,0.07481473571331168,0.006000366954257888,12.468360065916102,0.03156919187535291,0.003806123123587044,8.29431703869864,2.3698654057635844,0.33363530257816204,True,507219
NULLcov_Europe_Iron_Classical_LO,null-coverage,823,2175.0,1500.0,2993.0,Europe,0.75204548,237336.0,0.114,0.020565645200486024,,0.07480869786814401,0.006195337283029493,12.075000028337906,0.03139066763651666,0.003825965087685966,8.204640376240986,2.383150901228978,0.33704153721409374,True,507219
NULLcov_Europe_Medieval_Recent_HI,null-coverage,1492,1175.0,100.0,1495.0,Europe,2.678680565,390669.0,0.149,0.021804900804289543,,0.07654363834890052,0.006056421809769278,12.63842591436287,0.032729865356080294,0.003703364753272893,8.837872458324522,2.3386481281286677,0.3145176236205102,True,507219
NULLcov_Europe_Medieval_Recent_LO,null-coverage,1492,1150.5,146.0,1498.0,Europe,0.8728,234179.5,0.163,0.022452749999999997,,0.07571053629318078,0.006073654658463969,12.46540024920153,0.033289599959096354,0.0036832024073598724,9.03822170961232,2.2742999731510123,0.3047682001812435,True,507219
NULLcov_Europe_Neolithic_HI,null-coverage,731,6217.0,5000.0,7981.0,Europe,3.7447,388790.0,0.11,0.021188354309165526,,0.07472236308626481,0.006355151599060351,11.757762489460202,0.032076617932573284,0.003833831299106745,8.366726501514792,2.329496309222347,0.3274471489712986,True,507219
NULLcov_Europe_Neolithic_LO,null-coverage,731,6486.0,5016.0,7994.0,Europe,0.807190615,236443.0,0.124,0.02001676880984952,,0.07383066101615489,0.0067027171546109226,11.015034546902433,0.0315336658617648,0.0037844176186940357,8.332501599716881,2.3413281963412964,0.34407394277067266,True,507219
NULLrand_EastAsia_Bronze_r0A,null-random,106,4283.0,3001.0,4950.0,EastAsia,1.163623,280189.5,0.085,0.022533990566037734,,0.0738230217251681,0.007824146649837183,9.435280935934951,0.03365735082118968,0.00374182046227908,8.994913347790492,2.1933699451678557,0.3424244804381819,True,507219
NULLrand_EastAsia_Bronze_r0B,null-random,106,4105.5,3001.0,4996.0,EastAsia,1.146950525,309828.0,0.083,0.022205726415094336,,0.07463817868350633,0.007985103901397061,9.34717689402235,0.03301339854970187,0.0036411107973690145,9.066848109526525,2.260845049658796,0.3596496642443056,True,507219
NULLrand_EastAsia_Bronze_r1A,null-random,106,4127.0,3001.0,4996.0,EastAsia,1.2045,290250.0,0.0845,0.02254948113207547,,0.07462067998331076,0.0077660222521890795,9.608610117267787,0.033435375809330266,0.003644365133281627,9.174540581564298,2.2317882834290614,0.3500728230909726,True,507219
NULLrand_EastAsia_Bronze_r1B,null-random,106,4200.0,3035.0,4861.0,EastAsia,1.13842048,288049.0,0.0755,0.022190235849056602,,0.07413709698501834,0.008088961548458647,9.165218123597729,0.03314759802631766,0.0037179325119011527,8.915599710379826,2.236575239212112,0.3560677578379948,True,507219
NULLrand_EastAsia_Bronze_r2A,null-random,106,4244.5,3001.0,4931.0,EastAsia,1.17933948,289283.0,0.0845,0.022154490566037733,,0.07457912565048833,0.007936270995765807,9.39725038248796,0.03319702769623847,0.0036299523213114207,9.145306813353715,2.246560334645226,0.3540955929364323,True,507219
NULLrand_EastAsia_Bronze_r2B,null-random,106,4129.5,3001.0,4996.0,EastAsia,1.103854495,285823.5,0.0805,0.022585226415094344,,0.0741658982240979,0.007926849049749928,9.356289965738359,0.033459975425228196,0.0037388797817560038,8.949197989327534,2.216555669320014,0.35127699675559687,True,507219
NULLrand_Europe_Bronze_r0A,null-random,716,4030.5,3000.0,4995.0,Europe,1.3536939,296876.0,0.11,0.020462472067039102,,0.07481233611634261,0.006156037283382816,12.152677554160675,0.03185101652811891,0.003864025844007277,8.242961567536279,2.3488209881871844,0.3376785009613522,True,507219
NULLrand_Europe_Bronze_r0B,null-random,716,4052.0,3000.0,4998.0,Europe,1.3151,293199.5,0.107,0.02100512849162011,,0.07523928415341774,0.006119009411322458,12.295990918758337,0.03273535848000411,0.003881420828909192,8.433859641342686,2.2984102709422443,0.3229729179037327,True,507219
NULLrand_Europe_Bronze_r1A,null-random,716,4061.0,3000.0,4992.0,Europe,1.29851934,293680.5,0.1102,0.02069188966480447,,0.07479745800405033,0.006142722311046842,12.176597641331984,0.03212858208252448,0.003824703414355934,8.40028064971799,2.3280659511187856,0.3308823536688766,True,507219
NULLrand_Europe_Bronze_r1B,null-random,716,4025.0,3000.0,4998.0,Europe,1.40031235,296876.0,0.107,0.020775710893854746,,0.07524113475176669,0.006142186399102417,12.24989439636055,0.03246416610048591,0.003920234547913383,8.281179532425059,2.3176672556095785,0.3298298530744966,True,507219
NULLrand_Europe_Bronze_r2A,null-random,716,4031.5,3000.0,4992.0,Europe,1.35525391,292402.0,0.111,0.020915805865921788,,0.07503059277053367,0.00615470918648721,12.19076165861173,0.03263770537020183,0.003889549708065678,8.391126947811388,2.2988930109969212,0.3272408642547559,True,507219
NULLrand_Europe_Bronze_r2B,null-random,716,4050.0,3000.0,4998.0,Europe,1.32704002,298584.0,0.104,0.020551794692737428,,0.07502049979922987,0.006112682023961046,12.272926925555378,0.03195699000860715,0.003853690907695035,8.292566989427085,2.3475458664606457,0.33317783033430926,True,507219
NULLrand_Europe_Iron_Classical_r0A,null-random,823,2194.0,1500.0,2977.0,Europe,1.64701179,328726.0,0.112,0.02083408991494532,,0.07500989393567922,0.00608466917465128,12.327686482639072,0.03157033291872407,0.003830088364045821,8.242716595022761,2.3759614486419167,0.3335615851038457,True,507219
NULLrand_Europe_Iron_Classical_r0B,null-random,823,2151.0,1500.0,2993.0,Europe,1.56086488,330239.0,0.119,0.02049922235722965,,0.07463487032263888,0.006055513765912394,12.32510951304782,0.03142504355449617,0.0037974585873912976,8.275282753269977,2.3750124703314985,0.33662174258189553,True,507219
NULLrand_Europe_Iron_Classical_r1A,null-random,823,2176.0,1500.0,2993.0,Europe,1.621,330852.0,0.116,0.020477877278250303,,0.07415806712603301,0.006047647254636353,12.262300363034674,0.031423103179400995,0.003762077989398444,8.352592175906898,2.359985476375432,0.3330439432824635,True,507219
NULLrand_Europe_Iron_Classical_r1B,null-random,823,2175.0,1500.0,2977.0,Europe,1.6086,326844.0,0.116,0.020855434993924667,,0.07544801600716838,0.006087847511022351,12.39321712157967,0.03158470639317861,0.0038617449791916343,8.17886902510847,2.388751539050652,0.33671852999657986,True,507219
NULLrand_Europe_Iron_Classical_r2A,null-random,823,2175.0,1500.0,2977.0,Europe,1.6482999999999999,330086.0,0.1165,0.020438884568651276,,0.0749646337893456,0.0059944148905686475,12.505746625461596,0.03127892213464858,0.0038201663825992577,8.187842884834316,2.396650161621301,0.34205068207138994,True,507219
NULLrand_Europe_Iron_Classical_r2B,null-random,823,2175.0,1500.0,2993.0,Europe,1.58631204,328601.0,0.116,0.020894427703523694,,0.07466882532350859,0.006142127409660366,12.156834325199624,0.03172952578066924,0.003806474029930009,8.335673783974999,2.3532915631849596,0.32812766867885174,True,507219
NULLrand_Europe_Medieval_Recent_r0A,null-random,1492,1175.0,100.0,1495.0,Europe,1.69986503,326523.0,0.154,0.022196855898123327,,0.07618163290225184,0.006102608942427092,12.483453162567116,0.03303919707689764,0.0036903944130268593,8.95275501184138,2.3057955290179,0.30942019045528496,True,507219
NULLrand_Europe_Medieval_Recent_r0B,null-random,1492,1175.0,100.0,1498.0,Europe,1.6942,336530.5,0.155,0.022060794906166217,,0.07630409157735113,0.0060191030977994235,12.676986975891444,0.03283822317945091,0.0037014287795773615,8.871769561158613,2.3236364269885263,0.312226829458897,True,507219
NULLrand_Europe_Medieval_Recent_r1A,null-random,1492,1175.0,123.0,1498.0,Europe,1.74393975,333285.0,0.154,0.022065262064343165,,0.07648405389176487,0.006081527558155239,12.576454379327917,0.03291955978292797,0.0036870879085571235,8.928336020013816,2.323361988923964,0.31279244662995787,True,507219
NULLrand_Europe_Medieval_Recent_r1B,null-random,1492,1150.0,100.0,1495.0,Europe,1.66419442,330099.5,0.154,0.02219238873994638,,0.0759994498872604,0.006037738140596566,12.587404110200643,0.032955368975634246,0.0037056254597590105,8.893335101863599,2.3061325741323384,0.3089165593587293,True,507219
NULLrand_Europe_Medieval_Recent_r2A,null-random,1492,1175.0,123.0,1495.0,Europe,1.68068178,328445.0,0.15435469,0.022148423592493294,,0.07617684025517431,0.006051326241701275,12.588453706266856,0.03297709736308192,0.0036893707899592946,8.938406910151139,2.3099922778666016,0.30822136121009086,True,507219
NULLrand_Europe_Medieval_Recent_r2B,null-random,1492,1175.0,100.0,1498.0,Europe,1.7161343800000002,335449.0,0.154,0.022109227211796246,,0.07631390618167891,0.006069593964764436,12.573148488136257,0.0328971990651718,0.003702481312082619,8.88517626215036,2.3197691095371185,0.31350222322639176,True,507219
NULLrand_Europe_Neolithic_r0A,null-random,731,6414.0,5000.0,7981.0,Europe,1.636112195,320096.0,0.115,0.02033052120383037,,0.0745024722676462,0.006534537835163686,11.401337653404216,0.03156098746563509,0.0038183778558159866,8.26554852803862,2.360587492668522,0.3376359828235937,True,507219
NULLrand_Europe_Neolithic_r0B,null-random,731,6435.0,5000.0,7994.0,Europe,1.6333,325267.0,0.116,0.02087460191518468,,0.0743380622953012,0.006407184431969172,11.602297871181191,0.032237938060469824,0.003831124283565641,8.4147460834828,2.3059186402015754,0.3291277254678751,True,507219
NULLrand_Europe_Neolithic_r1A,null-random,731,6367.0,5000.0,7981.0,Europe,1.5563752,315613.0,0.116,0.02048692886456908,,0.07402094108483914,0.006524802533051462,11.344548851844207,0.031941176041742264,0.003824412668624174,8.3519167018221,2.3174143928860045,0.33297418305424503,True,507219
NULLrand_Europe_Neolithic_r1B,null-random,731,6450.0,5000.0,7994.0,Europe,1.7027469100000001,327345.0,0.1155,0.020718194254445963,,0.07481045188134865,0.0064159430825312,11.660086587276057,0.031855156397393905,0.0038253739251090297,8.327331398455637,2.3484565873130965,0.3339129728940541,True,507219
NULLrand_Europe_Neolithic_r2A,null-random,731,6450.0,5016.0,7994.0,Europe,1.5214798,314743.0,0.116,0.020650013679890562,,0.0740928490595982,0.0063943836739276845,11.587176002857431,0.0319396086993438,0.0038255050495851974,8.349122085933997,2.3197794862502636,0.3298822565197423,True,507219
NULLrand_Europe_Neolithic_r2B,null-random,731,6381.0,5000.0,7950.0,Europe,1.6904499999999998,327577.0,0.116,0.02055510943912449,,0.07472762614404725,0.00653909915776969,11.427816636677953,0.0318544593710832,0.003823915817951372,8.330324433802241,2.3459078452256956,0.33684075827779625,True,507219
PD_Basque,present-day,25,0.0,0.0,0.0,Europe,37.2986362,467760.0,,0.020482519999999997,,0.07553885582638206,0.006638518715793318,11.378872164157933,0.030248621199195042,0.003963652477278625,7.631501846489634,2.4972660845907337,0.3753281684527531,True,505846
PD_Biaka,present-day,24,0.0,0.0,0.0,Africa,40.996705750000004,467324.0,,-0.00038083333333333345,,-0.010503076083400556,0.004517262438532602,-2.325097606419431,0.00032537021309745376,0.0016423090564242928,0.19811752959937032,,,False,505824
PD_Dai,present-day,14,0.0,0.0,0.0,SEAsia,36.5884426,468627.0,,0.021623214285714284,,0.07028754607772983,0.00835737377076356,8.410243218224295,0.03165275256418486,0.00370090677850198,8.552701934577497,2.22058242597392,0.40266710501710373,True,507216
PD_Esan,present-day,101,0.0,0.0,0.0,Africa,35.44439439999999,485103.0,,-0.0004354158415841585,,-0.0013627887028902874,0.0015396155892552178,-0.8851486776316225,0.0006284823285540176,0.0004895908207420978,1.2836889539746577,,,False,506336
PD_French,present-day,31,0.0,0.0,0.0,Europe,40.0692328,467369.0,,0.021573483870967743,,0.07474528774209008,0.006396190980809723,11.685906184844363,0.03068725040321224,0.003799188674149397,8.077316773451066,2.4357114684431287,0.35566533818986024,True,505851
PD_Gambian,present-day,114,0.0,0.0,0.0,Africa,36.31010465,485105.0,,6.775438596491232e-05,,0.002422720794520718,0.0018282715702086798,1.3251427380912495,0.0016827656898366137,0.0007520528714003259,2.237563014290865,,,False,506338
PD_Han,present-day,46,0.0,0.0,0.0,EastAsia,38.1114555,467263.5,,0.022058391304347825,,0.07557720637922169,0.007984595787741204,9.465376631244853,0.03304597369993182,0.004005099542194566,8.250974376987523,2.287032213530377,0.3761316905381305,True,505846
PD_Japanese,present-day,31,0.0,0.0,0.0,EastAsia,45.17534,466798.0,,0.020365838709677418,,0.07508584374168756,0.007950935947125672,9.44364842592295,0.031311318760700584,0.003720484137394623,8.41592588609375,2.3980415617603814,0.38860887198885474,True,506357
PD_Juhoan,present-day,10,0.0,0.0,0.0,Africa,35.641115049999996,468575.5,,0.0108389,,-0.01881915289809305,0.006951191928051112,-2.707327476047597,0.012292924447242918,0.00264789084874454,4.6425344356892335,,,False,505846
PD_Karitiana,present-day,15,0.0,0.0,0.0,Americas,35.7559243,467982.0,,0.022710666666666667,,0.0909861879200052,0.008636747891344628,10.53477409143638,0.034697297601802256,0.004689851837082383,7.398378201940787,2.6222845641811356,0.46263263495714124,True,505839
PD_Luhya,present-day,103,0.0,0.0,0.0,Africa,34.43368595,485105.0,,-0.00033161165048543694,,0.0034602484635575864,0.002778778727678503,1.2452407343885237,0.001035772194586442,0.0008099674839605859,1.278782438921763,,,False,507181
PD_Mandenka,present-day,26,0.0,0.0,0.0,Africa,33.92812735,467314.5,,-0.00037726923076923056,,0.00391065725261276,0.0030512045742860337,1.2816765173891476,0.001395802461837807,0.0009509814418558102,1.4677494222326175,,,False,507213
PD_Mbuti,present-day,17,0.0,0.0,0.0,Africa,36.02369075,467564.0,,3.9000000000000026e-05,,-0.020747087244868078,0.005174267458850826,-4.009666568236479,-0.0002625483288548141,0.002415099149025769,-0.10871120092966945,,,False,505844
PD_Mende,present-day,87,0.0,0.0,0.0,Africa,36.25374855,485101.0,,-0.0008230459770114943,,0.0004570016630476195,0.0018119658823374052,0.2522131721697183,5.467591322523733e-05,0.0007514388922730056,0.07276162278458831,,,False,506337
PD_Mixe,present-day,3,0.0,0.0,0.0,Americas,42.2325421,494061.0,,0.02093333333333333,,0.08352001931130937,0.009088276321233995,9.18986355159249,0.0312395356994381,0.0046761190864273725,6.680654432029359,2.673535871815522,0.4846235898965512,True,495853
PD_Papuan,present-day,32,0.0,0.0,0.0,Oceania,40.4247622,468741.5,,0.0289255,,0.0638945620795559,0.00948363058831683,6.737352481682441,0.03932393143528144,0.00496885987463537,7.91407534674484,1.6248264033496327,0.3177972046734816,True,505851
PD_Russian,present-day,27,0.0,0.0,0.0,WestSiberia,35.4000251,467737.0,,0.022049777777777783,,0.07561343591952939,0.005828225240247528,12.97366398905991,0.03220411254712729,0.00374783223203513,8.59273055817655,2.3479434748862333,0.32218820347771615,True,505849
PD_Sardinian,present-day,31,0.0,0.0,0.0,Europe,33.4938691,468021.0,,0.02018109677419354,,0.07240216747762837,0.0073043187891170215,9.912240904039276,0.02992925803783618,0.003811867049726461,7.8516007109911925,2.419110002195794,0.37604157309701763,True,505853
