group,level,n_ind,n_tracts,V,A,D_tract,se_block,se_individual
Abkhasian,pop,2,848,10365.0,9307.0,0.05378202521350142,0.0055752481398741414,
Adygei,pop,2,935,11306.0,10078.0,0.05742611298166854,0.005860616307155303,
Aleut,pop,2,1176,15150.0,13604.0,0.05376643249634833,0.004725423786649625,
Ami,pop,2,1179,15869.0,14162.0,0.05684126402717192,0.004976841791614997,
Armenian,pop,2,933,11449.0,10076.0,0.0637862950058072,0.00633590601017562,
Balochi,pop,2,954,11598.0,10169.0,0.06564983690908256,0.006015399156560104,
Basque,pop,2,920,10811.0,9513.0,0.06386538083054517,0.0076731355876875915,
BedouinB,pop,2,755,8834.0,7579.0,0.07646377871199658,0.009308263256664978,
Bengali,pop,2,1201,14627.0,12998.0,0.0589683257918552,0.005322932408985116,
Bergamo,pop,2,922,11291.0,10051.0,0.05810139630774998,0.006602846950366712,
Brahmin,pop,2,1096,12833.0,11309.0,0.06312650153259879,0.0053887722902126785,
Brahui,pop,2,957,11288.0,10072.0,0.05692883895131086,0.006301908036059735,
Bulgarian,pop,2,919,10848.0,9449.0,0.06892644233137903,0.006640745528615874,
Burmese,pop,2,1179,15836.0,13836.0,0.06740361283364789,0.0049088515176984775,
Burusho,pop,2,1097,14014.0,12274.0,0.06618989653073645,0.005894704774400237,
Cambodian,pop,2,1183,16207.0,14203.0,0.0658993752055245,0.005524125647259034,
Dai,pop,3,1775,22796.0,20275.0,0.05853126233428525,0.003968833181528505,0.002561175911895562
Druze,pop,2,862,10437.0,9374.0,0.05365705920953006,0.0073036956098442,
English,pop,2,952,10726.0,9334.0,0.06939182452642073,0.007042113839165288,
Eskimo_Naukan,pop,2,1139,14684.0,12940.0,0.06313350709527947,0.004712516481037112,
Eskimo_Sireniki,pop,2,1170,15959.0,13699.0,0.07620203655000338,0.004873074634742706,
Estonian,pop,2,962,11169.0,9842.0,0.06315739374613298,0.006783789604777647,
Even,pop,3,1710,22949.0,20064.0,0.06707274544905029,0.006987561001359152,0.0009127772772861148
Finnish,pop,3,1506,18533.0,16308.0,0.06386154243563617,0.00593908223393331,0.0033710688661507966
French,pop,2,900,10457.0,9266.0,0.06038635096080718,0.004925313593434085,
Georgian,pop,2,937,11960.0,10579.0,0.06127157371666889,0.004576540174318359,
Greek,pop,2,878,10261.0,8930.0,0.06935542702308374,0.008100236009479695,
Han,pop,2,1261,16487.0,14401.0,0.06753431753431753,0.005092807484297107,
Hazara,pop,2,1125,14017.0,12212.0,0.06881695832856762,0.006489732971121446,
Hezhen,pop,2,1212,15428.0,13646.0,0.06129187590286854,0.006443189808387104,
Hungarian,pop,2,979,12256.0,10654.0,0.0699257965953732,0.006071773556350925,
Icelandic,pop,2,971,11897.0,10760.0,0.0501831663503553,0.008464838668144115,
Iranian,pop,2,905,10615.0,9338.0,0.06400040094221421,0.0067156118860281526,
Iraqi_Jew,pop,2,868,10075.0,8975.0,0.05774278215223097,0.007552991459893367,
Irula,pop,2,1081,13146.0,11651.0,0.0602895511553817,0.006496239866905932,
Japanese,pop,3,1722,22107.0,19413.0,0.06488439306358382,0.005103505267465687,0.0006286632444750879
Jordanian,pop,3,1131,12684.0,11388.0,0.053838484546360914,0.0061318869647901475,0.002246381149534109
Kalash,pop,2,997,12071.0,10584.0,0.06563672478481572,0.007163371663587005,
Kapu,pop,2,1127,13778.0,12344.0,0.05489625602940051,0.006821878245227612,
Kinh,pop,2,1250,16153.0,14256.0,0.062382847183399655,0.005352243538444582,
Korean,pop,2,1209,16424.0,14348.0,0.06746392824645782,0.004880943983508718,
Kusunda,pop,2,1117,13361.0,11746.0,0.06432469032540726,0.005650009114776345,
Kyrgyz,pop,2,1193,14958.0,13209.0,0.06209393971668974,0.005545584643036722,
Lahu,pop,2,1218,15151.0,13406.0,0.06110585845852155,0.004923400487332027,
Lezgin,pop,2,958,11310.0,10060.0,0.0584932147870847,0.008342078385955638,
Madiga,pop,2,1073,12860.0,11345.0,0.06259037388969221,0.00803432884569999,
Makrani,pop,2,913,10467.0,9340.0,0.05689907608421265,0.005740056846368657,
Mala,pop,2,1153,14079.0,12496.0,0.059567262464722485,0.005350559965439214,
Mansi,pop,2,1102,14061.0,12327.0,0.06571168713051387,0.0066654690132482725,
Miao,pop,2,1174,14976.0,13255.0,0.06096135453933619,0.004811695755348603,
Mongola,pop,2,1190,15417.0,13623.0,0.06177685950413223,0.00715943105355339,
Naxi,pop,3,1839,23750.0,20983.0,0.061855900565577986,0.004475130625843656,0.002581025554820359
North_Ossetian,pop,2,944,10862.0,9754.0,0.05374466433837796,0.0061068652786896785,
Orcadian,pop,2,965,11570.0,10490.0,0.04895738893925657,0.004825056499860169,
Oroqen,pop,2,1244,16014.0,14031.0,0.06600099850224662,0.004349819625498681,
Palestinian,pop,3,1203,14446.0,12678.0,0.06518212653001032,0.007144921462023575,0.005983840714523721
Papuans,pop,89,91446,881253.0,774015.0,0.06478588361522122,0.0037667250397541018,0.0005331723081767973
Pathan,pop,2,1019,12060.0,10604.0,0.06424285210024709,0.007428761405066705,
Punjabi,pop,4,2145,26458.0,23481.0,0.059612727527583655,0.0051578386636930195,0.0035472374961117224
Relli,pop,2,1120,13378.0,11925.0,0.05742402086709086,0.006810024607593216,
Russian,pop,2,995,11845.0,10559.0,0.057400464202820925,0.004871121197149625,
Saami,pop,2,1129,14244.0,12624.0,0.06029477445288075,0.0056610875943082775,
Sardinian,pop,2,930,11864.0,10439.0,0.06389274985427969,0.006284631703911304,
She,pop,2,1154,15376.0,13547.0,0.0632368703108253,0.00627563344896101,
Sindhi,pop,2,1037,13422.0,11815.0,0.06367634821888497,0.005439283948632614,
Spanish,pop,2,875,10581.0,9233.0,0.06803270414858181,0.006588790429097351,
Tajik,pop,2,943,11618.0,10234.0,0.06333516382939777,0.005344986509198402,
Thai,pop,2,1225,16088.0,14143.0,0.06433793126261123,0.004528180427251016,
Tlingit,pop,2,1094,13861.0,12376.0,0.05659945877958608,0.00523559622006973,
Tu,pop,2,1249,16607.0,14511.0,0.06735651391477601,0.006500882848338775,
Tubalar,pop,2,1171,15285.0,13485.0,0.06256517205422316,0.005220881039075466,
Tujia,pop,2,1127,14695.0,13115.0,0.0568140956490471,0.005246808301406,
Turkish,pop,2,894,10794.0,9685.0,0.054153034816153134,0.006234497880766092,
Tuscan,pop,2,917,11072.0,9703.0,0.0658965102286402,0.006106426902066682,
Ulchi,pop,2,1225,16366.0,14417.0,0.06331416691030764,0.007350115637763031,
Uygur,pop,2,1112,13575.0,11956.0,0.0634131056362853,0.005314410110617064,
Xibo,pop,2,1211,15422.0,13558.0,0.06432022084195997,0.005159280969345222,
Yadava,pop,2,1149,14123.0,12250.0,0.071019603382247,0.00808662402328334,
Yakut,pop,2,1179,15044.0,13153.0,0.06706387204312515,0.005430313212503855,
Yemenite_Jew,pop,2,799,9603.0,8391.0,0.06735578526175391,0.007901940008336923,
Yi,pop,2,1172,14844.0,13055.0,0.0641241621563497,0.004809029618144113,
CentralAsiaSiberia,region,27,15666,204089.0,179555.0,0.06394991189748829,0.003786847274301549,0.0013913798655973495
EastAsia,region,45,26844,349074.0,307572.0,0.06320300435851281,0.0031810307193388928,0.0008626137272562331
Melanesia,region,89,91446,881253.0,774015.0,0.06478588361522122,0.0037667250397541018,0.0005331723081767973
SouthAsia,region,39,20941,254527.0,224642.0,0.062368391945221834,0.0036909734362952414,0.0010852431621621208
WestEurasia,region,71,32435,388627.0,343589.0,0.06150917215684989,0.004030737527199207,0.0009885008411159228
