genetic_id	master_id	group_id	locality	country	region	lat	lon	date_bp	archaeological_period	mol_sex	coverage	snps_hit	alpha_nSNP	neanderthal_pct	neanderthal_se_pct	neanderthal_ci_low_pct	neanderthal_ci_high_pct	D_Den_nSNP	denisovan_affinity	D_Den_SE	D_Den_Z	denisovan_pct	combined_archaic_pct	combined_status	contam_lb	damage	analysis_set	credibility_class	artifact_risk_score	artifact_risk_components	geotemporal_residual	assessment	angsd_contam	hapconx_contam	publication	publication_doi	library_type	duplicate_library	analysis_set_fail_reasons	sensitivity_status	effective_jackknife_blocks	alpha_transition_inclusive	alpha_transversion	alpha_transversion_se	transversion_informative_snps	damage_aware_estimate	damage_filter_status	alpha_alt_outgroup	alpha_swapped_reference	reference_range	loco_min	loco_max	loco_range	max_block_delta	dominant_block	snp_match_target	subsample_mean	subsample_sd	subsample_q025	subsample_q975	bootstrap_mean	bootstrap_sd	bootstrap_q025	bootstrap_q975	segment_status
I3525.AG		Hungary_LateC_EBA_Yamnaya	Sárrétudvari-Őrhalom (Hajdú-Bihar County, Püspökladány)	Hungary	Europe/Near East	47.24207	21.19861	4675.0	Bronze Age/Chalcolithic	M	0.03401675	35743.0	15940	7.502000000000001	2.1568	3.274672	11.729328	18047	0.018543	0.02118	0.875			not_estimable: Denisovan D is relative, not a percentage	2000.0	0.135	broad	Likely artifact	67.22	low_information=0.98;uncertainty=0.93;contamination=1.00;damage=0.39;missing_qc=0.00;transversion_instability=0.00;reference_instability=0.71;chromosome_instability=0.65;block_influence=0.29	0.05405944590382293	Pass	n/a (<200 SNPs)	n/a (<2000 X SNPs)	LazaridisReichNature2025	https://doi.org/10.1038/s41586-024-08531-5	ds.half	False	wide_confidence_interval;contamination	complete	50.0	0.0750202492094451	0.1547975268142973	0.0460448550588158	4274.0	0.1547975268142973	transversion_proxy_only; terminal trimming requires reads	0.071302848500473	0.0861745874845728	0.0148717389840997	0.0643743852130977	0.0855175451695195	0.0211431599564217	0.0075544407538155	5.0	14455.0	0.074861343938706	0.0068369630885515	0.0621902413587993	0.0874721392374978	0.0717008807414581	0.0205037085369869	0.0285075236498593	0.1101907816627215	not_run: no validated general segment caller for EIGENSTRAT
CGG_2_106040.SG		Denmark_SdrTranderAalborg_PreImperialRoman	Sdr. Trander, Aalborg (Jutland)	Denmark	Europe/Near East	57.0508547	9.90639486	1764.0	Iron Age/Classical	M	0.0288	32593.0	14518	7.2427	2.1467	3.0351680000000005	11.450232	16028	-0.020488	0.030449	-0.673			not_estimable: Denisovan D is relative, not a percentage			broad	Likely artifact	65.76	low_information=0.99;uncertainty=0.92;contamination=0.35;damage=0.35;missing_qc=0.67;transversion_instability=0.00;reference_instability=1.00;chromosome_instability=0.59;block_influence=0.33	0.050840378269846616	PROVISIONAL_PASS	..	..	McCollWillerslevBioRxiv2025	https://doi.org/10.1101/2025.02.28.640770	..	False	wide_confidence_interval	complete	50.0	0.0724269262309592	0.1116822381593127	0.0405264654364466	3873.0	0.1116822381593127	transversion_proxy_only; terminal trimming requires reads	0.063400119801651	0.0909870057355221	0.027586885933871	0.0645650091103461	0.0843419437489069	0.0197769346385608	0.0082559981059657	46.0	14455.0	0.0724129490561192	0.0014063163470204	0.0699091554322373	0.0750391247588355	0.0696289835839996	0.0191095921151194	0.033423546016878	0.1073031408086248	not_run: no validated general segment caller for EIGENSTRAT
I6558.AG		Ukraine_DonetsBasin_Eneolithic_SeredniiStih-3	Оleksandria (Donets Basin, Kharkiv Region, Kupianskyi District)	Ukraine	Caucasus/Central Asia	49.5406778	37.6979944	5456.0	Neolithic	M	0.08558549	33424.0	15162	8.1608	2.3636	3.5281439999999997	12.793456	16522	0.027038	0.026709	1.012			not_estimable: Denisovan D is relative, not a percentage	2000.0	0.208	broad	Likely artifact	73.04	low_information=0.99;uncertainty=1.00;contamination=1.00;damage=0.66;missing_qc=0.00;transversion_instability=0.00;reference_instability=0.98;chromosome_instability=0.43;block_influence=0.55	0.06156940568841868	Pass	n/a (<200 SNPs)	n/a (<2000 X SNPs)	LazaridisReichNature2025	https://doi.org/10.1038/s41586-024-08531-5	ds.half,ds.half,ds.half,ds.half,ds.half,ds.half,ds.half,ds.half,ds.half,ds.half,ds.half,ss.USER,ss.USER,ss.USER,ss.USER	False	wide_confidence_interval;contamination	complete	50.0	0.0816081672061792	0.1103262178189059	0.0410739236890218	4144.0	0.1103262178189059	transversion_proxy_only; terminal trimming requires reads	0.0671229561201433	0.08680967375567	0.0196867176355267	0.0748630464800548	0.0906758832597565	0.0158128367797017	0.0120968778764564	36.0	14455.0	0.081407804551005	0.0047969409118632	0.0729482813723003	0.0912646831705946	0.0813288992233505	0.0243788336770898	0.036106631032779	0.127252266754402	not_run: no validated general segment caller for EIGENSTRAT
CAN.019.SG		Spain_LaFortaleza_LateAntiquity	La Fortaleza (Canary Islands Islands, Gran Canaria Region)	Spain	Eurasia			1370.0	Historical/Recent	F	0.0284	32179.0	14455	7.097199999999999	1.9905	3.19582	10.998579999999999	15989	0.004763	0.026847	0.177			not_estimable: Denisovan D is relative, not a percentage			broad	Low confidence	59.75	low_information=0.99;uncertainty=0.84;contamination=0.35;damage=0.35;missing_qc=0.67;transversion_instability=0.00;reference_instability=0.24;chromosome_instability=0.57;block_influence=0.24	0.049244888264747926	PROVISIONAL_PASS	n/a (female)	n/a (female)	SerranoFregelNatCommun2023	https://doi.org/10.1038/s41467-023-40198-w	ds.minus	False	wide_confidence_interval	complete	50.0	0.0709722252321193	0.0933335560072718	0.0440958686581645	4064.0	0.0933335560072718	transversion_proxy_only; terminal trimming requires reads	0.0776359126596099	0.0760008055130279	0.0066636874274906	0.0596841417413443	0.0789615340441541	0.0192773923028098	0.0066341001339852	13.0	14455.0	0.0709722252321193	0.0	0.0709722252321193	0.0709722252321193	0.0692357772642352	0.0186347785138789	0.0353705110086923	0.1065839402344205	not_run: no validated general segment caller for EIGENSTRAT
I18733.AG		Croatia_MLBA	Bezdanjača Cave (Lika-Senj County, Općina Vrhovine)	Croatia	Europe/Near East	44.8520052	15.4199444	3100.0	Bronze Age/Chalcolithic	F	0.03575578	36289.0	15928	7.840800000000001	2.2079999999999997	3.5131200000000007	12.16848	18105	0.039644	0.023406	1.694			not_estimable: Denisovan D is relative, not a percentage		0.171	broad	Low confidence	64.77	low_information=0.98;uncertainty=0.95;contamination=0.35;damage=0.52;missing_qc=0.33;transversion_instability=0.00;reference_instability=1.00;chromosome_instability=0.50;block_influence=0.30	0.05750557892844671	Pass	n/a (female)	n/a (female)	LazaridisReichScience2022	https://doi.org/10.1126/science.abm4247	ds.half,ss.USER	False	wide_confidence_interval	complete	50.0	0.0784078797531957	0.089175551061984	0.0475893042972045	4240.0	0.089175551061984	transversion_proxy_only; terminal trimming requires reads	0.0718357232317353	0.1001491983599775	0.0283134751282422	0.0694231621191689	0.0870024075631362	0.0175792454439673	0.0077735429452692	27.0	14455.0	0.0786304066226014	0.0064001003079258	0.0658262177233138	0.0903988817992825	0.0796870643191416	0.022005093273266	0.0378425589380275	0.1223034109739088	not_run: no validated general segment caller for EIGENSTRAT
I5504.AG		England_Anglian	Pocklington (England, East Yorkshire)	United Kingdom	Europe/Near East	53.919396	-0.766635	1350.0	Historical/Recent	F	0.06091659	64651.0	28150	7.0124	1.6779	3.7237160000000014	10.301084	33113	0.022065	0.017898	1.233			not_estimable: Denisovan D is relative, not a percentage			broad	Low confidence	58.4	low_information=0.95;uncertainty=0.68;contamination=0.35;damage=0.35;missing_qc=0.67;transversion_instability=0.00;reference_instability=0.95;chromosome_instability=0.47;block_influence=0.20	0.048679683039267424	Pass	n/a (female)	n/a (female)	PattersonReichNature2021	https://doi.org/10.1038/s41586-021-04287-4	ds.half,ds.half,ds.half,ds.half,ds.half,ds.half,ds.half,ds.half	False	wide_confidence_interval	complete	50.0	0.0701243970627066	0.0828269942469235	0.030627877394034	7357.0	0.0828269942469235	transversion_proxy_only; terminal trimming requires reads	0.0635951216100744	0.082670084078171	0.0190749624680966	0.0644325753585917	0.0812827705199294	0.0168501951613376	0.0060041916483058	18.0	14455.0	0.0702485522793489	0.0152656096865895	0.0397994207923588	0.0965742793869827	0.0702978984810396	0.0164866543389741	0.0408992781749191	0.0986594046000585	not_run: no validated general segment caller for EIGENSTRAT
GER003_d.AG		Spain_Gravettian	Mollet III (Catalonia, Girona, Serinyà)	Spain	Europe/Near East	42.1686	2.7445	27203.0	Upper Palaeolithic	M	0.0512	56200.0	26251	7.7066	1.7301	4.3156039999999996	11.097596	28783	0.027309	0.018489	1.477			not_estimable: Denisovan D is relative, not a percentage			broad	Low confidence	56.1	low_information=0.95;uncertainty=0.70;contamination=0.35;damage=0.35;missing_qc=0.67;transversion_instability=0.00;reference_instability=0.44;chromosome_instability=0.36;block_influence=0.22	0.05727551936300836	Pass	..	..	PosthKrauseNature2023	https://doi.org/10.1038/s41586-023-05726-0	ss_minus	False	wide_confidence_interval	complete	50.0	0.0770657075955846	0.0814983159692031	0.0262548342308724	10462.0	0.0814983159692031	transversion_proxy_only; terminal trimming requires reads	0.0755145680523044	0.0857992933413114	0.010284725289007	0.0688574924114759	0.082827579575353	0.013970087163877	0.0063610807923919	24.0	14455.0	0.0773935506448666	0.0135703526718923	0.0512382643649252	0.1054386710119972	0.0758948781916967	0.0164242112707165	0.0452278689722673	0.1094825504008891	not_run: no validated general segment caller for EIGENSTRAT
Oase1_d.AG.BY.AA		Romania_IUP	Oase Cave (Caraș-Severin, Anina)	Romania	Europe/Near East	45.12	21.9	39982.0	Upper Palaeolithic	M	0.051	55822.0	25775	9.797799999999999	2.1787	5.5275479999999995	14.068052	30978	0.029087	0.022423	1.297			not_estimable: Denisovan D is relative, not a percentage			broad	Moderate confidence	66.06	low_information=0.96;uncertainty=0.94;contamination=0.35;damage=0.35;missing_qc=0.67;transversion_instability=0.26;reference_instability=0.54;chromosome_instability=0.56;block_influence=0.44	0.07855726963608117	Pass	..	..	FuPääboNature2015	https://doi.org/10.1038/s41586-021-03335-3	ss.minus,ss.minus,ss.minus,ss.minus,ss.minus	False	wide_confidence_interval	complete	50.0	0.0979782372116347	0.0713438940257479	0.0279047701916915	9135.0	0.0713438940257479	transversion_proxy_only; terminal trimming requires reads	0.096883651600995	0.1088843495344494	0.0120006979334544	0.0865173239842205	0.1056229993107135	0.019105675326493	0.0101452830995788	28.0	14455.0	0.0985298700377187	0.0140530227665224	0.0738795625345764	0.1236546144277255	0.0962284870214602	0.0202518010548292	0.0526159670206633	0.1332871665205319	not_run: no validated general segment caller for EIGENSTRAT
cambridgeshire47.SG		England_Cambridgeshire_Medieval	Cambridgeshire (England)	United Kingdom	Europe/Near East	52.205	0.1225	700.0	Historical/Recent	F	0.7297	588243.0	262369	3.984	0.6279	2.753316	5.214684	299165	0.012369	0.00712	1.737			not_estimable: Denisovan D is relative, not a percentage			high-confidence	High confidence	25.79	low_information=0.29;uncertainty=0.13;contamination=0.35;damage=0.35;missing_qc=0.67;transversion_instability=0.00;reference_instability=0.55;chromosome_instability=0.05;block_influence=0.00	0.01845792682164659	Pass	n/a (female)	n/a (female)	HuiKivisildSciAdv2024	https://doi.org/10.1126/sciadv.adi5903	..	False		complete	50.0	0.0398401088450395	0.069921110032734	0.0104524229747777	75423.0	0.069921110032734	transversion_proxy_only; terminal trimming requires reads	0.0381137947615208	0.0501851038841309	0.01207130912261	0.0365741546364761	0.0427306839374733	0.0061565293009971	0.0022563508744545	28.0	14455.0	0.040565280642944	0.0216657909765817	-0.0044447464123606	0.0850174298129431	0.0397017178569757	0.0062982001918581	0.026811965343824	0.0506821484084069	not_run: no validated general segment caller for EIGENSTRAT
WEZ39.SG		Germany_Tollensebattlefield_BA	Tollense-battlefield (Mecklenburg-Vorpommern, Mecklenburg-Vorpommern, Mecklenburgische Seenplatte)	Germany	Europe/Near East	53.74	13.31	3200.0	Bronze Age/Chalcolithic	M	0.05283325	37172.0	16233	8.071299999999999	2.0645000000000002	4.02488	12.117719999999998	18690	0.017381	0.025591	0.679			not_estimable: Denisovan D is relative, not a percentage	2000.0		broad	Likely artifact	68.26	low_information=0.98;uncertainty=0.88;contamination=1.00;damage=0.35;missing_qc=0.33;transversion_instability=0.05;reference_instability=0.91;chromosome_instability=0.37;block_influence=0.20	0.05935597894791569	Pass	..	n/a (<2000 X SNPs)	BurgerWegmannCurrBiol2020	https://doi.org/10.1016/j.cub.2020.08.033	minus	False	wide_confidence_interval;contamination	complete	50.0	0.0807134421616626	0.0697610738809236	0.0353255637514509	4578.0	0.0697610738809236	transversion_proxy_only; terminal trimming requires reads	0.0831248040105663	0.0991091223595115	0.0183956801978489	0.0747386916963849	0.0889437080947061	0.0142050163983212	0.0060815310761908	27.0	14455.0	0.0805494696949033	0.0069637278356498	0.0676848587798903	0.0948490672713791	0.0812111074238521	0.0206116746957003	0.0423540103089655	0.1243151899100686	not_run: no validated general segment caller for EIGENSTRAT
SB605.SG		England_Medieval	Norwich (England, Norwich, Chapelfield Shopping Center, well shaft)	United Kingdom	Europe/Near East	52.625551	1.291518	750.0	Historical/Recent	F	6.23771313	981263.0	434197	4.3917	0.6098	3.1964919999999992	5.586908	486036	-0.008515	0.006988	-1.218			not_estimable: Denisovan D is relative, not a percentage			high-confidence	High confidence	18.0	low_information=0.00;uncertainty=0.12;contamination=0.35;damage=0.35;missing_qc=0.67;transversion_instability=0.00;reference_instability=0.46;chromosome_instability=0.06;block_influence=0.00	0.022515530315766898	Pass	n/a (female)	n/a (female)	BraceBarnesCurrBiol2022	https://doi.org/10.1016/j.cub.2022.08.036	ds.half	False		complete	50.0	0.043917014944377	0.0678629008037075	0.0081754470350588	124299.0	0.0678629008037075	transversion_proxy_only; terminal trimming requires reads	0.0451651907944564	0.0544816350715396	0.0105646201271625	0.0396486747135886	0.0460826295783748	0.0064339548647862	0.0018218108095959	49.0	14455.0	0.0454311447588459	0.0191178189897513	0.0123262685389264	0.0829048174085655	0.0434771709752093	0.0062202261843612	0.0317410057759635	0.0560593029719311	not_run: no validated general segment caller for EIGENSTRAT
SB676.SG		England_Medieval	Norwich (England, Norwich, Chapelfield Shopping Center, well shaft)	United Kingdom	Europe/Near East	52.625551	1.291518	750.0	Historical/Recent	M	7.53406412	963547.0	422388	4.1014	0.6521	2.823284	5.379516	474360	-0.019678	0.006558	-3.001			not_estimable: Denisovan D is relative, not a percentage	0.003		high-confidence	High confidence	12.29	low_information=0.00;uncertainty=0.14;contamination=0.00;damage=0.35;missing_qc=0.33;transversion_instability=0.00;reference_instability=0.65;chromosome_instability=0.00;block_influence=0.01	0.019612530315766902	Pass	..	[0.003,0.005]	BraceBarnesCurrBiol2022	https://doi.org/10.1016/j.cub.2022.08.036	ds.half	False		complete	50.0	0.0410136517622992	0.0674762494354999	0.0086298257672501	112086.0	0.0674762494354999	transversion_proxy_only; terminal trimming requires reads	0.0418268730340298	0.0548771444534327	0.0138634926911334	0.0378744826039396	0.0427447342783433	0.0048702516744037	0.0027227655098533	27.0	14455.0	0.0417658083387256	0.019699587507662	0.0034503685280393	0.0807480190345665	0.0404413291279522	0.0058256421607037	0.0291589943574029	0.0524296751686687	not_run: no validated general segment caller for EIGENSTRAT
VK247.SG		Denmark_Viking-o	Lejre (Zealand Region)	Denmark	Europe/Near East	55.6	11.95	1075.0	Historical/Recent	F	0.05731598	48431.0	22385	7.1377999999999995	2.1441000000000003	2.9353639999999994	11.340236	24838	0.037671	0.01832	2.056			not_estimable: Denisovan D is relative, not a percentage			broad	Low confidence	64.99	low_information=0.97;uncertainty=0.92;contamination=0.35;damage=0.35;missing_qc=0.67;transversion_instability=0.14;reference_instability=0.73;chromosome_instability=0.48;block_influence=0.39	0.04983871099506679	Pass	n/a (female)	n/a (female)	MargaryanWillerslevNature2020	https://doi.org/10.1038/s41586-020-2688-8	ds.minus	False	wide_confidence_interval	complete	50.0	0.0713779762525173	0.057896347094303	0.0315330296216139	7412.0	0.057896347094303	transversion_proxy_only; terminal trimming requires reads	0.0739005355426575	0.0867067901861227	0.0153288139336053	0.0644879243221425	0.0815693868579787	0.0170814625358362	0.0093980886134238	45.0	14455.0	0.0703705911457229	0.0120955876572419	0.0455485610815761	0.0925578887115251	0.0722333612261944	0.0236107271338769	0.0172726359994358	0.113562390535979	not_run: no validated general segment caller for EIGENSTRAT
F6-620.AG.BY.AA		Bulgaria_BachoKiroCave_IUP	Bacho-Kiro Cave (Lovech Province, Ugarchin Municipality)	Bulgaria	Europe/Near East	42.948	24.4302	43250.0	Upper Palaeolithic	M	5.3153	1004569.0	445276	4.1346	0.9508000000000001	2.271032	5.998168000000001	515452	0.009253	0.006754	1.37			not_estimable: Denisovan D is relative, not a percentage		0.4158	broad	Moderate confidence	28.7	low_information=0.00;uncertainty=0.30;contamination=0.35;damage=1.00;missing_qc=0.33;transversion_instability=0.00;reference_instability=0.61;chromosome_instability=0.31;block_influence=0.25	0.022170182165816284	Pass	..	..	HajdinjakPääboNature2021	https://doi.org/10.1038/s41586-021-03335-3	ss.minus,ss.minus,ss.minus,ss.minus,ss.minus	False	damage	complete	50.0	0.0413460343651737	0.0569730989340479	0.0115068327731251	128971.0	0.0569730989340479	transversion_proxy_only; terminal trimming requires reads	0.0429528812948013	0.054607903810573	0.0132618694453993	0.0316698400786495	0.0444221917277937	0.0127523516491442	0.0069319500146567	15.0	14455.0	0.044765790015338	0.022607020073413	0.0043634127570662	0.0875492644104203	0.0413660055445747	0.0088022460252236	0.0273836963243455	0.0608617641789418	not_run: no validated general segment caller for EIGENSTRAT
I4419.AG		Vanuatu_150BP	Banana Bay (Efate)	Vanuatu	Oceania	-17.801781	168.522778	140.0	Historical/Recent	M	4.19043592	740635.0	322070	2.8011999999999997	0.5455	1.7320200000000001	3.8703799999999995	387872	0.030578	0.007444	4.108			not_estimable: Denisovan D is relative, not a percentage	0.005	0.179	high-confidence	High confidence	13.12	low_information=0.12;uncertainty=0.09;contamination=0.00;damage=0.55;missing_qc=0.00;transversion_instability=0.00;reference_instability=0.57;chromosome_instability=0.00;block_influence=0.00	0.008142334059982072	Pass	[0.003,0.01]	[0.005,0.009]	LipsonReichCurrBiol2018	https://doi.org/10.1016/j.cub.2018.02.051	ds.minus	False		complete	50.0	0.028012379463092	0.0568757828483307	0.0101397303518938	87075.0	0.0568757828483307	transversion_proxy_only; terminal trimming requires reads	0.0298545631675247	0.0405722146327963	0.0125598351697043	0.0260999317220196	0.029529945451613	0.0034300137295934	0.0017434293435416	25.0	14455.0	0.028331760300724	0.0208917642744528	-0.0094097716831612	0.0700866758492976	0.0275119557868069	0.0049606428201226	0.0188839333762796	0.0365459864970993	not_run: no validated general segment caller for EIGENSTRAT
I4105.AG		Vanuatu_150BP	Wam Bay (Epi Island)	Vanuatu	Oceania	-16.89	168.3	150.0	Historical/Recent	M	8.09172382	991111.0	436085	3.3970000000000002	0.6248	2.172392	4.621608	503023	0.030514	0.007109	4.292			not_estimable: Denisovan D is relative, not a percentage	0.008		high-confidence	High confidence	12.93	low_information=0.00;uncertainty=0.13;contamination=0.07;damage=0.35;missing_qc=0.33;transversion_instability=0.00;reference_instability=0.67;chromosome_instability=0.00;block_influence=0.02	0.014053686741051938	Pass	[0.006,0.015]	[0.008,0.011]	LipsonReichCurrBiol2018	https://doi.org/10.1016/j.cub.2018.02.051	ds.minus,ds.minus,ds.half,ds.half	False		complete	50.0	0.0339700059421729	0.0541863515195024	0.0098175346645043	118083.0	0.0541863515195024	transversion_proxy_only; terminal trimming requires reads	0.0361784449344777	0.048126791873482	0.0141567859313091	0.0313372081892201	0.0360160048433475	0.0046787966541274	0.0028454620355925	8.0	14455.0	0.031951120202068	0.0207887488612348	-0.008712851768512	0.0688871035803913	0.0338014040468586	0.006097550495645	0.0232014032440424	0.04626318884479	not_run: no validated general segment caller for EIGENSTRAT
DA231.SG		Kazakhstan_Andronovo	Michurino (Pavlodar Region, Pavlodar District)	Kazakhstan	South Asia/Siberia	52.4908333	76.8394444	3439.0	Bronze Age/Chalcolithic	F	0.71495056	512047.0	230960	4.081300000000001	0.6893	2.7302720000000003	5.432328	256229	0.003279	0.008253	0.397			not_estimable: Denisovan D is relative, not a percentage			high-confidence	High confidence	29.22	low_information=0.38;uncertainty=0.16;contamination=0.35;damage=0.35;missing_qc=0.67;transversion_instability=0.00;reference_instability=0.71;chromosome_instability=0.00;block_influence=0.00	0.019240976439399413	Pass	n/a (female)	n/a (female)	DamgaardWillerslevNature2018	https://doi.org/10.1038/s41586-018-0094-2	ds.minus	False		complete	50.0	0.0408133230210093	0.0525182975731877	0.0107737388129618	69298.0	0.0525182975731877	transversion_proxy_only; terminal trimming requires reads	0.0405751337689496	0.0554658894830047	0.0148907557140551	0.0381887324850097	0.0429285615117834	0.0047398290267737	0.002062687726643	32.0	14455.0	0.0380553389698805	0.0226142428475053	-0.0055882543890038	0.0784721578571511	0.0407208468316508	0.0067485644722492	0.0286807891456034	0.0547883317020416	not_run: no validated general segment caller for EIGENSTRAT
RISE502.SG		Russia_Karasuk	Bystrovka (Khakassia Republic of, Tashtypsky District)	Russia	South Asia/Siberia	51.909	88.574	3360.0	Bronze Age/Chalcolithic	F	1.66398497	823534.0	364608	3.8057	0.5499	2.727896	4.883504	430001	0.014184	0.006425	2.208			not_estimable: Denisovan D is relative, not a percentage			high-confidence	High confidence	18.04	low_information=0.00;uncertainty=0.09;contamination=0.35;damage=0.35;missing_qc=0.67;transversion_instability=0.00;reference_instability=0.65;chromosome_instability=0.00;block_influence=0.00	0.016514358696222472	Pass	n/a (female)	n/a (female)	AllentoftWillerslevNature2015	https://doi.org/10.1038/nature14507	ds.minus	False		complete	50.0	0.0380570070592772	0.0521439337072197	0.0088734599234445	102373.0	0.0521439337072197	transversion_proxy_only; terminal trimming requires reads	0.0390075228070738	0.0518726668370908	0.0138156597778135	0.0355534830556281	0.0399206699032798	0.0043671868476517	0.0017975120008532	8.0	14455.0	0.0403761413426206	0.0225924636634402	-0.0032076371509978	0.078379505729172	0.0378749704439226	0.0053832265482723	0.0275075224750779	0.0477994339681428	not_run: no validated general segment caller for EIGENSTRAT
RISE503.SG		Russia_Andronovo	Kytmanovo (Altai Krai, Kytmanovsky District, Kytmanovo Village)	Russia	South Asia/Siberia	53.456	85.447	3547.0	Bronze Age/Chalcolithic	F	1.01073143	654074.0	290737	4.0489	0.5321	3.0059839999999998	5.091816	341297	0.012863	0.007484	1.719			not_estimable: Denisovan D is relative, not a percentage			high-confidence	High confidence	22.97	low_information=0.21;uncertainty=0.08;contamination=0.35;damage=0.35;missing_qc=0.67;transversion_instability=0.00;reference_instability=0.63;chromosome_instability=0.00;block_influence=0.00	0.018873494762673797	Pass	n/a (female)	n/a (female)	AllentoftWillerslevNature2015	https://doi.org/10.1038/nature14507	ds.minus	False		complete	50.0	0.0404894351421271	0.0512903301811635	0.0085029139058311	82526.0	0.0512903301811635	transversion_proxy_only; terminal trimming requires reads	0.0420982354569801	0.0540070245043367	0.0135175893622095	0.0381934205486603	0.0423740552352803	0.0041806346866199	0.0016545529040536	15.0	14455.0	0.0386545159616466	0.0205296443941009	0.0023900316750223	0.0786610509674048	0.0407188437585029	0.005241181772407	0.0298667599320654	0.0499814484133451	not_run: no validated general segment caller for EIGENSTRAT
RISE1280.SG		Denmark_SingleGraveCulture	Gjerrild Cist (Eastern Jutland, Djursland)	Denmark	Europe/Near East	56.5	10.82	4226.0	Bronze Age/Chalcolithic	M	1.074	737295.0	333178	3.7527	0.528	2.71782	4.787579999999999	366054	0.013696	0.007036	1.946			not_estimable: Denisovan D is relative, not a percentage	0.007	0.273	high-confidence	High confidence	16.21	low_information=0.09;uncertainty=0.08;contamination=0.04;damage=0.90;missing_qc=0.00;transversion_instability=0.00;reference_instability=0.57;chromosome_instability=0.01;block_influence=0.00	0.01606871168269183	Pass	[0.006,0.028]	[0.007,0.015]	EgfjordAllentoftPLoSOne2021	https://doi.org/10.1371/journal.pone.0244872	ds.minus,ds.minus	False		complete	50.0	0.0375266452571271	0.0510452343379188	0.0088442429081637	99806.0	0.0510452343379188	transversion_proxy_only; terminal trimming requires reads	0.0384606550275341	0.049984913336565	0.0124582680794379	0.0343647820008234	0.0397388206878662	0.0053740386870428	0.0022692897713209	32.0	14455.0	0.0385468479739066	0.0212039535638021	-0.0022683275940448	0.0756701941745178	0.0379198487782972	0.005204741823317	0.0280489945652023	0.0490073780344421	not_run: no validated general segment caller for EIGENSTRAT
BB7-240.AG.BY.AA		Bulgaria_BachoKiroCave_IUP	Bacho-Kiro Cave (Lovech Province, Ugarchin Municipality)	Bulgaria	Europe/Near East	42.948	24.4302	45371.0	Upper Palaeolithic	M	1.2138	702782.0	316502	3.3184	0.8356	1.6806239999999997	4.956175999999999	370906	-0.000394	0.007147	-0.055			not_estimable: Denisovan D is relative, not a percentage		0.5302	broad	Moderate confidence	28.67	low_information=0.14;uncertainty=0.24;contamination=0.35;damage=1.00;missing_qc=0.33;transversion_instability=0.00;reference_instability=0.54;chromosome_instability=0.11;block_influence=0.08	0.014094103124701093	Pass	..	..	HajdinjakPääboNature2021	https://doi.org/10.1038/s41586-021-03335-3	ss.minus,ss.minus,ss.minus,ss.minus,ss.minus	False	damage	complete	50.0	0.0331835579359002	0.0507450915307277	0.0103693378019484	100464.0	0.0507450915307277	transversion_proxy_only; terminal trimming requires reads	0.0325797025599062	0.0446114570470633	0.0120317544871571	0.028931226886701	0.0366110027059095	0.0076797758192085	0.0038694706895699	28.0	14455.0	0.0329082110225815	0.0202265235349197	-0.0032932459882967	0.0697642093333462	0.0334917404917722	0.0080462399475739	0.0173787266159133	0.049022970665158	not_run: no validated general segment caller for EIGENSTRAT
MH8.SG		Australia_PreEuropean	Mapoon (Queensland, Cape York)	Australia	Oceania	-12.044	141.893	850.0	Historical/Recent	M	6.8074	1056571.0	463645	2.9572000000000003	0.523	1.93212	3.9822800000000007	539699	0.02816	0.006546	4.302			not_estimable: Denisovan D is relative, not a percentage		0.05	elite-confidence	Very high confidence	12.4	low_information=0.00;uncertainty=0.07;contamination=0.35;damage=0.07;missing_qc=0.33;transversion_instability=0.00;reference_instability=0.65;chromosome_instability=0.02;block_influence=0.00	0.009428402236091576	Pass	..	..	WrightLambertSciAdv2018	https://doi.org/10.1126/sciadv.aau5064	..	False		complete	50.0	0.0295723682873767	0.049656846057534	0.0080596440298119	125378.0	0.049656846057534	transversion_proxy_only; terminal trimming requires reads	0.03096020922176	0.0434512075463905	0.0138788392590138	0.0265909781337505	0.0319871847675951	0.0053962066338446	0.0021278099420133	12.0	14455.0	0.0322081819576036	0.0200405192910564	-0.0061589105649311	0.068931302308224	0.0297793895547611	0.0047660287162644	0.0206524163869456	0.0377715826950928	not_run: no validated general segment caller for EIGENSTRAT
I5259.AG		Vanuatu_500BP	Mangalitu (Efate)	Vanuatu	Oceania	-17.63795	168.20555	480.0	Historical/Recent	F	2.89075809	812165.0	356880	2.7277	0.48529999999999995	1.7765120000000003	3.6788879999999997	413303	0.030663	0.006277	4.885			not_estimable: Denisovan D is relative, not a percentage		0.146	high-confidence	High confidence	15.39	low_information=0.02;uncertainty=0.05;contamination=0.35;damage=0.43;missing_qc=0.33;transversion_instability=0.00;reference_instability=0.52;chromosome_instability=0.00;block_influence=0.00	0.0074125917043518195	Pass	n/a (female)	n/a (female)	LipsonReichCurrBiol2018	https://doi.org/10.1016/j.cub.2018.02.051	ds.half	False		complete	50.0	0.0272770754530011	0.0474230009318534	0.0100445999755935	95717.0	0.0474230009318534	transversion_proxy_only; terminal trimming requires reads	0.0292747182688384	0.0388076269101006	0.0115305514570994	0.024878577567341	0.0297045989210657	0.0048260213537246	0.0015158064381699	7.0	14455.0	0.0240422821323466	0.022968721842659	-0.0169593194705244	0.0693643394692394	0.0269606872045401	0.0046291828900146	0.0181646038590666	0.0359167572937769	not_run: no validated general segment caller for EIGENSTRAT
I4106.AG		Vanuatu_150BP	Wam Bay (Epi Island)	Vanuatu	Oceania	-16.89	168.3	140.0	Historical/Recent	M	13.0718253	1004313.0	441321	2.9259	0.5078	1.930612	3.9211880000000003	510786	0.025267	0.006717	3.762			not_estimable: Denisovan D is relative, not a percentage	0.006		elite-confidence	Very high confidence	11.28	low_information=0.00;uncertainty=0.07;contamination=0.02;damage=0.35;missing_qc=0.33;transversion_instability=0.00;reference_instability=0.71;chromosome_instability=0.00;block_influence=0.00	0.009342281644593262	Pass	[0.002,0.01]	[0.006,0.008]	LipsonReichCurrBiol2018	https://doi.org/10.1016/j.cub.2018.02.051	ds.minus,ds.minus,ds.half	False		complete	50.0	0.0292588749276806	0.0473088247348923	0.0091282313500629	119415.0	0.0473088247348923	transversion_proxy_only; terminal trimming requires reads	0.0304565397394529	0.0441336274930069	0.0148747525653263	0.0276927700889066	0.0319738407510965	0.0042810706621899	0.0015847431059819	10.0	14455.0	0.0290953953633923	0.0228855399873422	-0.0111747310671408	0.0769670640113204	0.0304193133700372	0.0049666425597196	0.0205437557715763	0.0406027057863402	not_run: no validated general segment caller for EIGENSTRAT
ERI009.AG		PapuaNewGuinea_Eriama_EarlyModern	Eriama (Central Province, Kanobaba'a 1)	Papua New Guinea	Oceania	-9.21	147.13	390.0	Historical/Recent	M	1.4682	767567.0	337412	3.4160000000000004	0.6719	2.0990760000000006	4.732924000000001	404876	0.029685	0.007683	3.864			not_estimable: Denisovan D is relative, not a percentage			high-confidence	High confidence	22.22	low_information=0.08;uncertainty=0.15;contamination=0.35;damage=0.35;missing_qc=0.67;transversion_instability=0.00;reference_instability=0.84;chromosome_instability=0.00;block_influence=0.00	0.013852827272811504	PROVISIONAL_PASS	..	..	NägeleKrauseNatEcolEvol2025	https://doi.org/10.1038/s41559-025-02710-x	..	False		complete	50.0	0.0341600890611669	0.0468437513395598	0.0104436828228422	90293.0	0.0468437513395598	transversion_proxy_only; terminal trimming requires reads	0.0347444871130658	0.0514404514285278	0.0172803623673608	0.0316659051134108	0.0365147409672191	0.0048488358538082	0.0024370634031758	28.0	14455.0	0.0346410680872673	0.0239360877173994	-0.0114330474286583	0.079286454507682	0.0348291284069485	0.0061260708906202	0.0223395454831995	0.0460951884370344	not_run: no validated general segment caller for EIGENSTRAT
