genetic_id	chromosome	alpha_leave_out	delta_from_full
Tianyuan.AG.BY.AA	1	0.02159492039819297	-0.0021865312597504037
Tianyuan.AG.BY.AA	2	0.024798865842429314	0.0010174141844859416
Tianyuan.AG.BY.AA	3	0.02530507011734772	0.0015236184594043488
Tianyuan.AG.BY.AA	4	0.024376293887561126	0.0005948422296177536
Tianyuan.AG.BY.AA	5	0.025780507255746647	0.001999055597803275
Tianyuan.AG.BY.AA	6	0.02280767954897757	-0.0009737721089658029
Tianyuan.AG.BY.AA	7	0.026696355396845593	0.0029149037389022206
Tianyuan.AG.BY.AA	8	0.02183006254263201	-0.0019513891153113624
Tianyuan.AG.BY.AA	9	0.019680845299331853	-0.004100606358611519
Tianyuan.AG.BY.AA	10	0.023081026710214794	-0.0007004249477285777
Tianyuan.AG.BY.AA	11	0.023590547522133604	-0.00019090413580976837
Tianyuan.AG.BY.AA	12	0.023871170875085657	8.971921714228531e-05
Tianyuan.AG.BY.AA	13	0.025043092624884893	0.0012616409669415213
Tianyuan.AG.BY.AA	14	0.022272860124015543	-0.0015085915339278291
Tianyuan.AG.BY.AA	15	0.022681742795277446	-0.0010997088626659261
Tianyuan.AG.BY.AA	16	0.024326437071782156	0.000544985413838784
Tianyuan.AG.BY.AA	17	0.02394992675263784	0.0001684750946944688
Tianyuan.AG.BY.AA	18	0.024536556023225624	0.0007551043652822519
Tianyuan.AG.BY.AA	19	0.02502574570664392	0.001244294048700547
Tianyuan.AG.BY.AA	20	0.023500701748869767	-0.00028074990907360486
Tianyuan.AG.BY.AA	21	0.02451276710506997	0.0007313154471265994
Tianyuan.AG.BY.AA	22	0.02385706234198627	7.561068404289897e-05
Ust_Ishim.DG	1	0.01920484447203527	-0.004184692415446761
Ust_Ishim.DG	2	0.023279180800096496	-0.00011035608738553526
Ust_Ishim.DG	3	0.024282565472441793	0.0008930285849597618
Ust_Ishim.DG	4	0.024054090003680494	0.0006645531161984623
Ust_Ishim.DG	5	0.02671365690871546	0.003324120021233428
Ust_Ishim.DG	6	0.023567449368243787	0.00017791248076175561
Ust_Ishim.DG	7	0.0268270102936273	0.00343747340614527
Ust_Ishim.DG	8	0.022871026728212097	-0.0005185101592699339
Ust_Ishim.DG	9	0.02220714425344888	-0.0011823926340331498
Ust_Ishim.DG	10	0.023111916338900706	-0.00027762054858132545
Ust_Ishim.DG	11	0.023255932079344798	-0.0001336048081372332
Ust_Ishim.DG	12	0.022232171988775584	-0.001157364898706447
Ust_Ishim.DG	13	0.02350995609754711	0.00012041921006508
Ust_Ishim.DG	14	0.023735787301162665	0.0003462504136806342
Ust_Ishim.DG	15	0.02242459421776891	-0.0009649426697131216
Ust_Ishim.DG	16	0.023262240227870677	-0.00012729665961135408
Ust_Ishim.DG	17	0.023515636997171758	0.00012610010968972657
Ust_Ishim.DG	18	0.02366348321560258	0.0002739463281205487
Ust_Ishim.DG	19	0.02409296495880448	0.0007034280713224504
Ust_Ishim.DG	20	0.023574992816674138	0.00018545592919210624
Ust_Ishim.DG	21	0.022657343783371663	-0.0007321931041103687
Ust_Ishim.DG	22	0.022507475562930354	-0.0008820613245516772
BB7-240.AG.BY.AA	1	0.030821407526627747	-0.002362150409272474
BB7-240.AG.BY.AA	2	0.03333599860380642	0.0001524406679061993
BB7-240.AG.BY.AA	3	0.036223574868242965	0.0030400169323427442
BB7-240.AG.BY.AA	4	0.03316624591156719	-1.7312024333034082e-05
BB7-240.AG.BY.AA	5	0.03661100270590959	0.0034274447700093705
BB7-240.AG.BY.AA	6	0.031489700120215985	-0.0016938578156842354
BB7-240.AG.BY.AA	7	0.03508911333988029	0.001905555403980068
BB7-240.AG.BY.AA	8	0.03568895916870837	0.002505401232808152
BB7-240.AG.BY.AA	9	0.028931226886701005	-0.004252331049199216
BB7-240.AG.BY.AA	10	0.03348385619918454	0.00030029826328432235
BB7-240.AG.BY.AA	11	0.03234230643195357	-0.0008412515039466495
BB7-240.AG.BY.AA	12	0.03090104044079482	-0.0022825174951054024
BB7-240.AG.BY.AA	13	0.032442401997098864	-0.0007411559388013564
BB7-240.AG.BY.AA	14	0.03395069408580777	0.0007671361499075463
BB7-240.AG.BY.AA	15	0.03351316011492813	0.00032960217902790884
BB7-240.AG.BY.AA	16	0.034815103011072976	0.001631545075172755
BB7-240.AG.BY.AA	17	0.03433221448765212	0.001148656551751899
BB7-240.AG.BY.AA	18	0.03354540443669118	0.0003618465007909563
BB7-240.AG.BY.AA	19	0.03350941438779771	0.000325856451897491
BB7-240.AG.BY.AA	20	0.030001319323019686	-0.003182238612880535
BB7-240.AG.BY.AA	21	0.03449399252571716	0.0013104345898169376
BB7-240.AG.BY.AA	22	0.031359975464400426	-0.0018235824714997947
F6-620.AG.BY.AA	1	0.044245905604733494	0.0028998712395597592
F6-620.AG.BY.AA	2	0.04397541384481385	0.0026293794796401135
F6-620.AG.BY.AA	3	0.04168369562636718	0.00033766126119344486
F6-620.AG.BY.AA	4	0.04150060304755596	0.00015456868238222787
F6-620.AG.BY.AA	5	0.03166984007864956	-0.009676194286524178
F6-620.AG.BY.AA	6	0.0405038819159021	-0.0008421524492716326
F6-620.AG.BY.AA	7	0.04271150339290074	0.0013654690277270023
F6-620.AG.BY.AA	8	0.0407222518661065	-0.0006237824990672353
F6-620.AG.BY.AA	9	0.041537983266246276	0.0001919489010725403
F6-620.AG.BY.AA	10	0.04442219172779379	0.003076157362620055
F6-620.AG.BY.AA	11	0.04159990445606318	0.00025387009088944507
F6-620.AG.BY.AA	12	0.04299008249009961	0.0016440481249258773
F6-620.AG.BY.AA	13	0.040770172883173326	-0.0005758614820004088
F6-620.AG.BY.AA	14	0.04100777091906438	-0.00033826344610935616
F6-620.AG.BY.AA	15	0.03732643270464512	-0.0040196016605286156
F6-620.AG.BY.AA	16	0.04218031262438738	0.0008342782592136444
F6-620.AG.BY.AA	17	0.04186567074052328	0.000519636375349547
F6-620.AG.BY.AA	18	0.04164491241771492	0.00029887805254118216
F6-620.AG.BY.AA	19	0.04098780880966408	-0.00035822555550965585
F6-620.AG.BY.AA	20	0.04198614735385486	0.0006401129886811213
F6-620.AG.BY.AA	21	0.04293012883982992	0.0015840944746561836
F6-620.AG.BY.AA	22	0.04145177181962426	0.0001057374544505274
Oase1_d.AG.BY.AA	1	0.10355786729377645	0.0055796300821416706
Oase1_d.AG.BY.AA	2	0.10182285332477174	0.003844616113136967
Oase1_d.AG.BY.AA	3	0.09200617400050223	-0.005972063211132542
Oase1_d.AG.BY.AA	4	0.09172708490500611	-0.006251152306628663
Oase1_d.AG.BY.AA	5	0.09590470351757947	-0.0020735336940553017
Oase1_d.AG.BY.AA	6	0.0992813594965382	0.001303122284903424
Oase1_d.AG.BY.AA	7	0.10376882393070494	0.005790586719070165
Oase1_d.AG.BY.AA	8	0.09809321369370555	0.00011497648207077493
Oase1_d.AG.BY.AA	9	0.08651732398422052	-0.011460913227414257
Oase1_d.AG.BY.AA	10	0.10386124754508763	0.005883010333452857
Oase1_d.AG.BY.AA	11	0.10562299931071359	0.007644762099078814
Oase1_d.AG.BY.AA	12	0.0899420605564539	-0.008036176655180874
Oase1_d.AG.BY.AA	13	0.10068827704510382	0.002710039833469041
Oase1_d.AG.BY.AA	14	0.09402504991559728	-0.003953187296037497
Oase1_d.AG.BY.AA	15	0.09914966676566338	0.0011714295540286024
Oase1_d.AG.BY.AA	16	0.09843744411737211	0.000459206905737336
Oase1_d.AG.BY.AA	17	0.09821656207305818	0.00023832486142340292
Oase1_d.AG.BY.AA	18	0.09699996725153363	-0.0009782699601011413
Oase1_d.AG.BY.AA	19	0.09857320985725276	0.0005949726456179888
Oase1_d.AG.BY.AA	20	0.09376758140833635	-0.0042106558032984215
Oase1_d.AG.BY.AA	21	0.10360694198499876	0.005628704773363982
Oase1_d.AG.BY.AA	22	0.09966742361079654	0.0016891863991617684
SB605.SG	1	0.044729642188780186	0.0008126272444031191
SB605.SG	2	0.04501570673967415	0.001098691795297084
SB605.SG	3	0.039920795314156945	-0.003996219630220121
SB605.SG	4	0.03964867471358865	-0.0042683402307884186
SB605.SG	5	0.04605375902976897	0.002136744085391905
SB605.SG	6	0.04250021932318361	-0.0014167956211934563
SB605.SG	7	0.044534817941884436	0.000617802997507369
SB605.SG	8	0.04317080572256621	-0.000746209221810859
SB605.SG	9	0.04251738997677091	-0.001399624967606157
SB605.SG	10	0.04477131618977885	0.000854301245401784
SB605.SG	11	0.04459254820328824	0.0006755332589111762
SB605.SG	12	0.04517725837626687	0.0012602434318898029
SB605.SG	13	0.04299615695344159	-0.0009208579909354767
SB605.SG	14	0.04332246699005706	-0.0005945479543200058
SB605.SG	15	0.043732049347067085	-0.00018496559730998147
SB605.SG	16	0.04384206092850047	-7.495401587659378e-05
SB605.SG	17	0.046082629578374876	0.002165614633997809
SB605.SG	18	0.04562373363062436	0.001706718686247291
SB605.SG	19	0.04456394209254758	0.000646927148170516
SB605.SG	20	0.04402313879018532	0.0001061238458082564
SB605.SG	21	0.0442057076749645	0.00028869273058743095
SB605.SG	22	0.04492802909954918	0.0010110141551721158
PA86.SG	1	0.029156746484660732	-0.001254223740403737
PA86.SG	2	0.032465006369450086	0.0020540361443856167
PA86.SG	3	0.03041065810850471	-3.121165597606834e-07
PA86.SG	4	0.030054619211883727	-0.0003563510131807425
PA86.SG	5	0.032252608477583794	0.0018416382525193245
PA86.SG	6	0.028187448201143786	-0.0022235220239206835
PA86.SG	7	0.031842307888543114	0.0014313376634786448
PA86.SG	8	0.029866583862438675	-0.0005443863626257948
PA86.SG	9	0.028511251987523762	-0.0018997182375407075
PA86.SG	10	0.028352511885024936	-0.002058458340039534
PA86.SG	11	0.031619977972699935	0.0012090077476354655
PA86.SG	12	0.031037268268181623	0.000626298043117153
PA86.SG	13	0.03034484090029615	-6.612932476831798e-05
PA86.SG	14	0.03153496525684799	0.0011239950317835229
PA86.SG	15	0.030201759933850075	-0.00020921029121439422
PA86.SG	16	0.03095737507876499	0.0005464048537005203
PA86.SG	17	0.03109756082918149	0.0006865906041170211
PA86.SG	18	0.03009491020194139	-0.0003160600231230798
PA86.SG	19	0.030632329685980862	0.0002213594609163927
PA86.SG	20	0.029039668374581582	-0.0013713018504828874
PA86.SG	21	0.030809294009020206	0.00039832378395573617
PA86.SG	22	0.030531548502579883	0.00012057827751541308
I6558.AG	1	0.08467381932095548	0.0030656521147762184
I6558.AG	2	0.09067588325975658	0.009067716053577313
I6558.AG	3	0.08577185380920717	0.004163686603027905
I6558.AG	4	0.07938026026011688	-0.002227906946062383
I6558.AG	5	0.07486304648005485	-0.006745120726124418
I6558.AG	6	0.07725880741609552	-0.0043493597900837455
I6558.AG	7	0.07876679108901562	-0.0028413761171636465
I6558.AG	8	0.07755913721528426	-0.004049029990895001
I6558.AG	9	0.0755334314034017	-0.006074735802777564
I6558.AG	10	0.08744597786302293	0.005837810656843662
I6558.AG	11	0.07710005556378854	-0.004508111642390719
I6558.AG	12	0.0906723508240771	0.009064183617897834
I6558.AG	13	0.07932192854218466	-0.0022862386639946053
I6558.AG	14	0.07769140829991408	-0.00391675890626518
I6558.AG	15	0.08243259825150256	0.0008244310453233011
I6558.AG	16	0.07996191053934994	-0.0016462566668293266
I6558.AG	17	0.08644770157414051	0.004839534367961251
I6558.AG	18	0.07973806972903177	-0.0018700974771474893
I6558.AG	19	0.07857752797678702	-0.003030639229392243
I6558.AG	20	0.08243531889990191	0.000827151693722647
I6558.AG	21	0.0883943732831672	0.006786206076987933
I6558.AG	22	0.08105844425879184	-0.000549722947387421
RISE503.SG	1	0.03939360808682101	-0.0010958270553061839
RISE503.SG	2	0.038861925595715247	-0.0016275095464119496
RISE503.SG	3	0.04150761218309507	0.001018177040967877
RISE503.SG	4	0.04115408856600603	0.000664653423878836
RISE503.SG	5	0.04236256583531192	0.0018731306931847255
RISE503.SG	6	0.04120414762319019	0.0007147124810629943
RISE503.SG	7	0.04237405523528036	0.0018846200931531623
RISE503.SG	8	0.04188013040174988	0.0013906952596226818
RISE503.SG	9	0.04079815556941963	0.000308720427292436
RISE503.SG	10	0.03985536542064575	-0.000634069721481445
RISE503.SG	11	0.039337644939713805	-0.0011517902024133914
RISE503.SG	12	0.039569990265255664	-0.0009194448768715321
RISE503.SG	13	0.03877881285273181	-0.0017106222893953846
RISE503.SG	14	0.03851142241515853	-0.001978012726968667
RISE503.SG	15	0.0404450778532659	-4.4357288861297806e-05
RISE503.SG	16	0.04095432080699301	0.0004648856648658134
RISE503.SG	17	0.04031068083563032	-0.00017875430649687274
RISE503.SG	18	0.04128818118887488	0.0007987460467476851
RISE503.SG	19	0.042069722375421566	0.0015802872332943696
RISE503.SG	20	0.03819342054866037	-0.0022960145934668233
RISE503.SG	21	0.04194769063954829	0.001458255497421096
RISE503.SG	22	0.03993473438656158	-0.0005547007555656153
I5259.AG	1	0.027821407911651566	0.0005443324586504074
I5259.AG	2	0.029704598921065733	0.002427523468064574
I5259.AG	3	0.02834127444162755	0.0010641989886263914
I5259.AG	4	0.02516278617679769	-0.002114289276203468
I5259.AG	5	0.026498019979059886	-0.0007790554739412724
I5259.AG	6	0.026712943469778334	-0.000564131983222825
I5259.AG	7	0.02898976781950798	0.0017126923665068197
I5259.AG	8	0.02814327481923654	0.0008661993662353804
I5259.AG	9	0.02487857756734109	-0.002398497885660069
I5259.AG	10	0.02707354722719109	-0.00020352822581007
I5259.AG	11	0.027793888840974383	0.0005168133879732244
I5259.AG	12	0.027723220902583248	0.0004461454495820888
I5259.AG	13	0.026971908905270153	-0.00030516654773100546
I5259.AG	14	0.0259400059327105	-0.0013370695202906575
I5259.AG	15	0.026430649537299674	-0.0008464259157014847
I5259.AG	16	0.027728876288090593	0.00045180083508943383
I5259.AG	17	0.02725265316805587	-2.4422284945289224e-05
I5259.AG	18	0.028529548384069955	0.001252472931068796
I5259.AG	19	0.026377413167357616	-0.0008996622856435425
I5259.AG	20	0.027537260226118826	0.0002601847731176672
I5259.AG	21	0.028255876235400927	0.0009788007823997684
I5259.AG	22	0.026352268048330497	-0.0009248074046706613
WEZ39.SG	1	0.08033296080109441	-0.0003804813605681884
WEZ39.SG	2	0.08232410399437874	0.0016106618327161454
WEZ39.SG	3	0.0795659817578767	-0.0011474604037858965
WEZ39.SG	4	0.07972556643459115	-0.0009878757270714439
WEZ39.SG	5	0.07848099878502958	-0.002232443376633017
WEZ39.SG	6	0.08257878749514395	0.001865345333481358
WEZ39.SG	7	0.0747386916963849	-0.005974750465277692
WEZ39.SG	8	0.0853540358567931	0.004640593695130507
WEZ39.SG	9	0.07640991743757487	-0.004303524724087723
WEZ39.SG	10	0.08543141701696237	0.004717974855299775
WEZ39.SG	11	0.07834606988569717	-0.0023673722759654237
WEZ39.SG	12	0.08894370809470611	0.008230265933043518
WEZ39.SG	13	0.07642693951996185	-0.004286502641700746
WEZ39.SG	14	0.08229702115292008	0.001583578991257481
WEZ39.SG	15	0.07965291619437645	-0.0010605259672861467
WEZ39.SG	16	0.07916966047852791	-0.0015437816831346818
WEZ39.SG	17	0.07635730638900114	-0.00435613577266146
WEZ39.SG	18	0.08256607783625151	0.0018526356745889178
WEZ39.SG	19	0.08639241420208259	0.005678972040419991
WEZ39.SG	20	0.07978932464115278	-0.0009241175205098179
WEZ39.SG	21	0.08085547834160069	0.00014203617993809037
WEZ39.SG	22	0.08001778388438233	-0.00069565827728027
Sumidouro6_d.SG	1	0.04078413865909661	-0.001688524025785773
Sumidouro6_d.SG	2	0.04390547124611242	0.0014328085612300354
Sumidouro6_d.SG	3	0.044609417490235066	0.002136754805352685
Sumidouro6_d.SG	4	0.04146699044120797	-0.001005672243674413
Sumidouro6_d.SG	5	0.0431228656470641	0.0006502029621817187
Sumidouro6_d.SG	6	0.04410881935270638	0.0016361566678239972
Sumidouro6_d.SG	7	0.044576071211249464	0.002103408526367083
Sumidouro6_d.SG	8	0.0414361596829573	-0.0010365030019250793
Sumidouro6_d.SG	9	0.03985546724392484	-0.002617195440957544
Sumidouro6_d.SG	10	0.042540132187940824	6.746950305844268e-05
Sumidouro6_d.SG	11	0.04047423190733774	-0.001998430777544642
Sumidouro6_d.SG	12	0.04356574045649684	0.0010930777716144577
Sumidouro6_d.SG	13	0.04547883387174804	0.003006171186865657
Sumidouro6_d.SG	14	0.04219628656656858	-0.00027637611831379805
Sumidouro6_d.SG	15	0.04041080938823788	-0.002061853296644503
Sumidouro6_d.SG	16	0.041576580148037376	-0.0008960825368450054
Sumidouro6_d.SG	17	0.04196024190957583	-0.0005124207753065546
Sumidouro6_d.SG	18	0.04287147066805933	0.0003988079831769506
Sumidouro6_d.SG	19	0.04255674904653103	8.408636164864564e-05
Sumidouro6_d.SG	20	0.0422559813850622	-0.00021668129982017892
Sumidouro6_d.SG	21	0.043511367370714295	0.0010387046858319135
Sumidouro6_d.SG	22	0.041237394306743516	-0.0012352683781388651
I4105.AG	1	0.034352589461516404	0.0003825835193434768
I4105.AG	2	0.03547311659998495	0.001503110657812022
I4105.AG	3	0.03133720818922016	-0.002632797752952769
I4105.AG	4	0.03215210558659613	-0.0018179003555767945
I4105.AG	5	0.03514637669270068	0.001176370750527754
I4105.AG	6	0.03528069123792724	0.0013106852957543158
I4105.AG	7	0.03601600484334756	0.002045998901174635
I4105.AG	8	0.03494946249419737	0.0009794565520244436
I4105.AG	9	0.032800139442130456	-0.0011698665000424713
I4105.AG	10	0.031857664110420535	-0.002112341831752393
I4105.AG	11	0.03383641539937558	-0.00013359054279734467
I4105.AG	12	0.033239125619636885	-0.0007308803225360427
I4105.AG	13	0.033957394744607176	-1.2611197565751131e-05
I4105.AG	14	0.033382529983159576	-0.0005874759590133519
I4105.AG	15	0.03463000360551158	0.0006599976633386503
I4105.AG	16	0.03395843792806787	-1.1568014105060864e-05
I4105.AG	17	0.03531313892953829	0.00134313298736536
I4105.AG	18	0.03464439068175361	0.0006743847395806815
I4105.AG	19	0.03525415871102896	0.0012841527688560311
I4105.AG	20	0.03323911703980755	-0.0007308889023653758
I4105.AG	21	0.03404478447776853	7.477853559560016e-05
I4105.AG	22	0.03243663545162114	-0.0015333704905517859
I18733.AG	1	0.08700240756313622	0.00859452780994048
I18733.AG	2	0.07321547905386079	-0.005192400699334951
I18733.AG	3	0.08021043115032833	0.0018025513971325902
I18733.AG	4	0.08184872463322483	0.0034408448800290897
I18733.AG	5	0.08261965063067078	0.004211770877475041
I18733.AG	6	0.07458449409429747	-0.003823385658898268
I18733.AG	7	0.07372430768907332	-0.0046835720641224265
I18733.AG	8	0.08426443988090312	0.005856560127707383
I18733.AG	9	0.06942316211916891	-0.008984717634026834
I18733.AG	10	0.08611792900362232	0.007710049250426579
I18733.AG	11	0.07966161592945172	0.0012537361762559734
I18733.AG	12	0.0765334066186916	-0.0018744731345041454
I18733.AG	13	0.07916714959050138	0.0007592698373056345
I18733.AG	14	0.07157593637486727	-0.006831943378328473
I18733.AG	15	0.08605287621119784	0.007644996458002096
I18733.AG	16	0.07455568679610491	-0.0038521929570908275
I18733.AG	17	0.07265349193424175	-0.005754387818953988
I18733.AG	18	0.077060150412683	-0.001347729340512735
I18733.AG	19	0.0767722141859397	-0.0016356655672560422
I18733.AG	20	0.07897952186821389	0.000571642115018145
I18733.AG	21	0.07994029764943235	0.001532417896236607
I18733.AG	22	0.07927776679798658	0.0008698870447908374
SB676.SG	1	0.042603034987655934	0.0015893832253566567
SB676.SG	2	0.04238900013985094	0.001375348377551662
SB676.SG	3	0.04074512010398643	-0.00026853165831284415
SB676.SG	4	0.039382949356722215	-0.0016307024055770628
SB676.SG	5	0.04169199790918274	0.0006783461468834601
SB676.SG	6	0.03955156977828343	-0.001462081984015845
SB676.SG	7	0.04274473427834335	0.0017310825160440704
SB676.SG	8	0.03960890948716345	-0.0014047422751358243
SB676.SG	9	0.037874482603939615	-0.003139169158359663
SB676.SG	10	0.040094057410300546	-0.0009195943519987315
SB676.SG	11	0.04174031241628827	0.0007266606539889919
SB676.SG	12	0.04197257467358787	0.0009589229112885941
SB676.SG	13	0.039536919354929694	-0.001476732407369584
SB676.SG	14	0.04084929206666964	-0.00016435969562964003
SB676.SG	15	0.03935873148688856	-0.0016549202754107192
SB676.SG	16	0.04083467394884946	-0.00017897781344981822
SB676.SG	17	0.0418813342600816	0.0008676824977823239
SB676.SG	18	0.042482038275773196	0.0014683865134739182
SB676.SG	19	0.04248492379024587	0.0014712720279465921
SB676.SG	20	0.0409850225394762	-2.862922282307473e-05
SB676.SG	21	0.041188549098645784	0.00017489733634650645
SB676.SG	22	0.042237705453708974	0.0012240536914096961
I4419.AG	1	0.028729991232530443	0.0007176117694384192
I4419.AG	2	0.029525758670958562	0.0015133792078665387
I4419.AG	3	0.02609993172201961	-0.001912447741072413
I4419.AG	4	0.027775551646304738	-0.0002368278167872856
I4419.AG	5	0.027280564375917565	-0.0007318150871744589
I4419.AG	6	0.027759275908960258	-0.00025310355413176583
I4419.AG	7	0.02925454834938902	0.001242168886296996
I4419.AG	8	0.029529945451613047	0.001517565988521024
I4419.AG	9	0.026588676694763867	-0.001423702768328157
I4419.AG	10	0.026644591430757043	-0.0013677880323349802
I4419.AG	11	0.02795188025474747	-6.0499208344552e-05
I4419.AG	12	0.027450323522125196	-0.0005620559409668276
I4419.AG	13	0.02750681832053875	-0.0005055611425532729
I4419.AG	14	0.027406319115431857	-0.0006060603476601666
I4419.AG	15	0.026858935980803737	-0.0011534434822882862
I4419.AG	16	0.028609338010144852	0.0005969585470528282
I4419.AG	17	0.028657854779034344	0.0006454753159423204
I4419.AG	18	0.028718751864705273	0.0007063724016132499
I4419.AG	19	0.028291974415888408	0.0002795949527963845
I4419.AG	20	0.028354569997079353	0.0003421905339873292
I4419.AG	21	0.028605012884088465	0.0005926334209964412
I4419.AG	22	0.028614918502439468	0.0006025390393474446
GER003_d.AG	1	0.0768818074278056	-0.00018390016777901363
GER003_d.AG	2	0.07986402516730524	0.002798317571720624
GER003_d.AG	3	0.08155408192065082	0.0044883743250661995
GER003_d.AG	4	0.07904938415797694	0.001983676562392317
GER003_d.AG	5	0.07655834056441142	-0.0005073670311731976
GER003_d.AG	6	0.07593212546156541	-0.0011335821340192065
GER003_d.AG	7	0.079765956451812	0.002700248856227383
GER003_d.AG	8	0.07347755322949982	-0.0035881543660847975
GER003_d.AG	9	0.07260204394528195	-0.0044636636503026655
GER003_d.AG	10	0.082827579575353	0.005761871979768379
GER003_d.AG	11	0.07589143151044292	-0.0011742760851417011
GER003_d.AG	12	0.07193421583138991	-0.005131491764194709
GER003_d.AG	13	0.07200859698088996	-0.00505711061469466
GER003_d.AG	14	0.08084570871641968	0.0037800011208350554
GER003_d.AG	15	0.06885749241147593	-0.008208215184108691
GER003_d.AG	16	0.08182220955961059	0.0047565019640259665
GER003_d.AG	17	0.07802917608984541	0.0009634684942607941
GER003_d.AG	18	0.07743827783181577	0.0003725702362311484
GER003_d.AG	19	0.07809799733094334	0.001032289735358724
GER003_d.AG	20	0.07773131200531501	0.0006656044097303887
GER003_d.AG	21	0.07886727876642001	0.0018015711708353893
GER003_d.AG	22	0.07558439438194278	-0.0014813132136418383
cambridgeshire47.SG	1	0.0377615148752006	-0.002078593969838942
cambridgeshire47.SG	2	0.04204334512427848	0.002203236279238935
cambridgeshire47.SG	3	0.04105893439273093	0.001218825547691385
cambridgeshire47.SG	4	0.03805665133008287	-0.0017834575149566767
cambridgeshire47.SG	5	0.041315933473814404	0.0014758246287748591
cambridgeshire47.SG	6	0.03780710194833289	-0.0020330068967066572
cambridgeshire47.SG	7	0.04273068393747335	0.002890575092433803
cambridgeshire47.SG	8	0.040587360971851213	0.0007472521268116691
cambridgeshire47.SG	9	0.03657415463647618	-0.0032659542085633625
cambridgeshire47.SG	10	0.03968811739231741	-0.0001519914527221347
cambridgeshire47.SG	11	0.04014128073911077	0.0003011718940712227
cambridgeshire47.SG	12	0.03832761293180113	-0.001512495913238411
cambridgeshire47.SG	13	0.040173662696380334	0.00033355385134078985
cambridgeshire47.SG	14	0.039276484769569284	-0.0005636240754702607
cambridgeshire47.SG	15	0.039012440315902154	-0.0008276685291373903
cambridgeshire47.SG	16	0.04067457434776995	0.0008344655027304054
cambridgeshire47.SG	17	0.040983607793077005	0.0011434989480374608
cambridgeshire47.SG	18	0.04118966488716782	0.0013495560421282748
cambridgeshire47.SG	19	0.040787388218782125	0.0009472793737425808
cambridgeshire47.SG	20	0.0393705544574394	-0.00046955438760014345
cambridgeshire47.SG	21	0.04007233271154222	0.0002322238665026788
cambridgeshire47.SG	22	0.03881165381564628	-0.0010284550293932632
I4451.AG	1	0.012953591335977906	-0.0027162778560121704
I4451.AG	2	0.015999284850838322	0.00032941565884824636
I4451.AG	3	0.013447191834296617	-0.002222677357693459
I4451.AG	4	0.015636935483469245	-3.293370852083116e-05
I4451.AG	5	0.018773172922955973	0.003103303730965897
I4451.AG	6	0.015958912105650203	0.0002890429136601265
I4451.AG	7	0.016571464727749667	0.000901595535759591
I4451.AG	8	0.017559144518542243	0.0018892753265521665
I4451.AG	9	0.014077734285603627	-0.0015921349063864488
I4451.AG	10	0.01520027173664597	-0.0004695974553441066
I4451.AG	11	0.015471283263746024	-0.0001985859282440522
I4451.AG	12	0.016261753475935656	0.0005918842839455797
I4451.AG	13	0.014809429874160892	-0.0008604393178291841
I4451.AG	14	0.014194339592868194	-0.001475529599121882
I4451.AG	15	0.015859529658743373	0.00018966046675329695
I4451.AG	16	0.017407071690373005	0.0017372024983829289
I4451.AG	17	0.016588075601324304	0.0009182064093342275
I4451.AG	18	0.01575172038679106	8.185119480098521e-05
I4451.AG	19	0.015156232373766213	-0.0005136368182238633
I4451.AG	20	0.015225828213634347	-0.0004440409783557295
I4451.AG	21	0.016757349401657736	0.00108748020966766
I4451.AG	22	0.014977258792345845	-0.0006926103996442307
I3525.AG	1	0.07396960217661773	-0.0010506470328273676
I3525.AG	2	0.06803309707816126	-0.006987152131283841
I3525.AG	3	0.08109679838366285	0.006076549174217752
I3525.AG	4	0.07439225301754433	-0.0006279961919007648
I3525.AG	5	0.07335282328089882	-0.0016674259285462817
I3525.AG	6	0.07286503667739971	-0.0021552125320453835
I3525.AG	7	0.08551754516951951	0.010497295960074413
I3525.AG	8	0.06437438521309771	-0.010645863996347385
I3525.AG	9	0.07168078008821789	-0.0033394691212272065
I3525.AG	10	0.08383773717406608	0.00881748796462098
I3525.AG	11	0.07523227590870335	0.00021202669925825257
I3525.AG	12	0.06907211706207216	-0.005948132147372942
I3525.AG	13	0.07135967180042309	-0.003660577409022009
I3525.AG	14	0.07503650688670346	1.6257677258366132e-05
I3525.AG	15	0.07823515483775609	0.0032149056283109906
I3525.AG	16	0.08300034148366248	0.007980092274217379
I3525.AG	17	0.07362857116307606	-0.001391678046369041
I3525.AG	18	0.0741535616600185	-0.0008666875494265924
I3525.AG	19	0.07445540091290434	-0.000564848296540757
I3525.AG	20	0.07243436386460912	-0.0025858853448359753
I3525.AG	21	0.07757197783853079	0.0025517286290856894
I3525.AG	22	0.07688331146032089	0.001863062250875791
DA231.SG	1	0.038488014800482764	-0.0023253082205265466
DA231.SG	2	0.04150107792426075	0.0006877549032514377
DA231.SG	3	0.0423898452625098	0.00157652224150049
DA231.SG	4	0.0406897134295112	-0.00012360959149811113
DA231.SG	5	0.04127173173244219	0.0004584087114328783
DA231.SG	6	0.038498555840790066	-0.0023147671802192446
DA231.SG	7	0.04292856151178345	0.002115238490774142
DA231.SG	8	0.041041023385461076	0.00022770036445176473
DA231.SG	9	0.038889314426076814	-0.001924008594932497
DA231.SG	10	0.03818873248500974	-0.002624590535999574
DA231.SG	11	0.04047679027688835	-0.0003365327441209598
DA231.SG	12	0.039200452188351206	-0.0016128708326581045
DA231.SG	13	0.042203481944209226	0.0013901589231999148
DA231.SG	14	0.04131447734490625	0.0005011543238969407
DA231.SG	15	0.04052299868687476	-0.00029032433413454795
DA231.SG	16	0.04142277352509596	0.0006094505040866519
DA231.SG	17	0.041617295478565484	0.0008039724575561735
DA231.SG	18	0.04280272536388659	0.0019894023428772764
DA231.SG	19	0.04180471479059882	0.0009913917695895114
DA231.SG	20	0.04083912294889354	2.5799927884227747e-05
DA231.SG	21	0.041089920509208816	0.0002765974881995051
DA231.SG	22	0.04050880431999923	-0.00030451870101008
MH8.SG	1	0.030280730270230104	0.00070836198285339
MH8.SG	2	0.03075023171320646	0.0011778634258297442
MH8.SG	3	0.02899078943581048	-0.0005815788515662335
MH8.SG	4	0.026590978133750512	-0.0029813901536262025
MH8.SG	5	0.030048106043009302	0.00047573775563258813
MH8.SG	6	0.030676546887922783	0.0011041786005460685
MH8.SG	7	0.03198718476759512	0.002414816480218407
MH8.SG	8	0.028581420094487105	-0.000990948192889609
MH8.SG	9	0.0269841653344117	-0.0025882029529650137
MH8.SG	10	0.027621017062591704	-0.0019513512247850105
MH8.SG	11	0.0294040921794033	-0.00016827610797341339
MH8.SG	12	0.03143159341048146	0.0018592251231047477
MH8.SG	13	0.029478412133019407	-9.395615435730739e-05
MH8.SG	14	0.029036762204648868	-0.0005356060827278464
MH8.SG	15	0.027926668715266088	-0.0016456995721106267
MH8.SG	16	0.029794086322023038	0.00022171803464632323
MH8.SG	17	0.02985260235041943	0.00028023406304271414
MH8.SG	18	0.031470418256232646	0.0018980499688559319
MH8.SG	19	0.030055648809390555	0.000483280522013841
MH8.SG	20	0.029512619921227494	-5.974836614922041e-05
MH8.SG	21	0.030060305347170507	0.00048793705979379223
MH8.SG	22	0.030015368394768177	0.00044300010739146273
CGG_2_106040.SG	1	0.072763111952325	0.00033618572136574765
CGG_2_106040.SG	2	0.06456500911034617	-0.007861917120613085
CGG_2_106040.SG	3	0.07616890037094926	0.003741974139990001
CGG_2_106040.SG	4	0.07065819922948549	-0.0017687270014737633
CGG_2_106040.SG	5	0.07219926250352936	-0.00022766372742989704
CGG_2_106040.SG	6	0.07104391117602499	-0.0013830150549342668
CGG_2_106040.SG	7	0.07707758852210927	0.004650662291150021
CGG_2_106040.SG	8	0.06906178459879364	-0.0033651416321656136
CGG_2_106040.SG	9	0.07503842037901423	0.002611494148054977
CGG_2_106040.SG	10	0.08434194374890698	0.011915017517947726
CGG_2_106040.SG	11	0.06635507714083055	-0.0060718490901287
CGG_2_106040.SG	12	0.0696435862878654	-0.002783339943093849
CGG_2_106040.SG	13	0.07088309752860304	-0.001543828702356212
CGG_2_106040.SG	14	0.07675531256804885	0.004328386337089596
CGG_2_106040.SG	15	0.0687006623378692	-0.003726263893090054
CGG_2_106040.SG	16	0.07351586551752556	0.0010889392865663095
CGG_2_106040.SG	17	0.07042483364705474	-0.002002092583904519
CGG_2_106040.SG	18	0.07922655293184264	0.006799626700883382
CGG_2_106040.SG	19	0.0759386422337286	0.0035117160027693523
CGG_2_106040.SG	20	0.068394255538478	-0.004032670692481255
CGG_2_106040.SG	21	0.07242565179658715	-1.2744343721032836e-06
CGG_2_106040.SG	22	0.06813751411513978	-0.0042894121158194715
RISE502.SG	1	0.03950754775293999	0.0014505406936627593
RISE502.SG	2	0.03992066990327986	0.0018636628440026268
RISE502.SG	3	0.03670028931512472	-0.0013567177441525108
RISE502.SG	4	0.038084893537867995	2.7886478590762043e-05
RISE502.SG	5	0.039030819582128076	0.0009738125228508435
RISE502.SG	6	0.03715357620746577	-0.0009034308518114653
RISE502.SG	7	0.03968880569259334	0.0016317986333161047
RISE502.SG	8	0.03907987015669144	0.0010228630974142075
RISE502.SG	9	0.035553483055628145	-0.002503524003649088
RISE502.SG	10	0.03747354025017912	-0.0005834668090981127
RISE502.SG	11	0.03598128875418648	-0.0020757183050907554
RISE502.SG	12	0.038718637693613264	0.0006616306343360315
RISE502.SG	13	0.03652445691194461	-0.0015325501473326258
RISE502.SG	14	0.03683642131061697	-0.001220585748660262
RISE502.SG	15	0.038103388119104305	4.638105982707197e-05
RISE502.SG	16	0.038162259522304634	0.00010525246302740127
RISE502.SG	17	0.0381235692606686	6.656220139136804e-05
RISE502.SG	18	0.03896304013307629	0.0009060330737990577
RISE502.SG	19	0.03930443208063651	0.0012474250213592789
RISE502.SG	20	0.03800799360535924	-4.9013453917994e-05
RISE502.SG	21	0.038707485646029174	0.0006504785867519416
RISE502.SG	22	0.03766738295190049	-0.0003896241073767445
ERI009.AG	1	0.03258344599764978	-0.001576643063517215
ERI009.AG	2	0.03575430311438739	0.0015942140532203969
ERI009.AG	3	0.03440309157499437	0.0002430025138273756
ERI009.AG	4	0.03223943068046438	-0.001920658380702614
ERI009.AG	5	0.03247865873201404	-0.0016814303291529525
ERI009.AG	6	0.03316344758917622	-0.0009966414719907724
ERI009.AG	7	0.03565637117697122	0.0014962821158042289
ERI009.AG	8	0.03651474096721911	0.0023546519060521146
ERI009.AG	9	0.031665905113410865	-0.0024941839477561276
ERI009.AG	10	0.03313340407528703	-0.001026684985879961
ERI009.AG	11	0.03517922479621386	0.001019135735046868
ERI009.AG	12	0.032824427724365696	-0.001335661336801297
ERI009.AG	13	0.0343614085533564	0.0002013194921894057
ERI009.AG	14	0.03403344003520861	-0.0001266490259583808
ERI009.AG	15	0.03591958587215403	0.0017594968109870407
ERI009.AG	16	0.034066130029456125	-9.395903171086767e-05
ERI009.AG	17	0.03495538736259283	0.0007952983014258355
ERI009.AG	18	0.03547340228846726	0.0013133132273002654
ERI009.AG	19	0.035346804254945186	0.0011867151937781928
ERI009.AG	20	0.03329969435360202	-0.0008603947075649723
ERI009.AG	21	0.034696216215529	0.0005361271543620066
ERI009.AG	22	0.03360517370937065	-0.0005549153517963451
VK247.SG	1	0.06974180602123976	-0.001636170231277545
VK247.SG	2	0.07152991507633492	0.0001519388238176156
VK247.SG	3	0.07947812664801654	0.008100150395499231
VK247.SG	4	0.07218378707782983	0.0008058108253125168
VK247.SG	5	0.07172549560091332	0.00034751934839601095
VK247.SG	6	0.06694102385227577	-0.004436952400241542
VK247.SG	7	0.06863669888358917	-0.0027412773689281383
VK247.SG	8	0.07039313501029061	-0.0009848412422266972
VK247.SG	9	0.07090162167831213	-0.0004763545742051817
VK247.SG	10	0.07370212830880198	0.0023241520562846674
VK247.SG	11	0.06448792432214258	-0.00689005193037473
VK247.SG	12	0.06707889617155541	-0.004299080080961901
VK247.SG	13	0.07140915163911575	3.11753865984421e-05
VK247.SG	14	0.07320200895132807	0.0018240326988107625
VK247.SG	15	0.07055943757174338	-0.0008185386807739309
VK247.SG	16	0.08004151920107849	0.008663542948561184
VK247.SG	17	0.06864355092352406	-0.002734425328993248
VK247.SG	18	0.08156938685797878	0.01019141060546147
VK247.SG	19	0.06946147801571896	-0.0019164982367983474
VK247.SG	20	0.06923284250079303	-0.0021451337517242736
VK247.SG	21	0.06682661086563381	-0.004551365386883499
VK247.SG	22	0.0726227579386623	0.0012447816861449884
RISE1280.SG	1	0.038620278283303326	0.0010936330261761898
RISE1280.SG	2	0.03856761162774142	0.0010409663706142866
RISE1280.SG	3	0.0366984149691035	-0.0008282302880236389
RISE1280.SG	4	0.03643319404068275	-0.0010934512164443855
RISE1280.SG	5	0.03914671221548696	0.0016200669583598254
RISE1280.SG	6	0.03637774908604777	-0.0011488961710793694
RISE1280.SG	7	0.03973882068786622	0.002212175430739087
RISE1280.SG	8	0.03666319587756261	-0.0008634493795645279
RISE1280.SG	9	0.034364782000823414	-0.003161863256303722
RISE1280.SG	10	0.03580158437299233	-0.0017250608841348075
RISE1280.SG	11	0.03645458976865364	-0.0010720554884734931
RISE1280.SG	12	0.03812102237645775	0.0005943771193306149
RISE1280.SG	13	0.037746055007668644	0.0002194097505415077
RISE1280.SG	14	0.03774040815266915	0.00021376289554201483
RISE1280.SG	15	0.037677510576744	0.00015086531961686078
RISE1280.SG	16	0.03880593487190273	0.0012792896147755944
RISE1280.SG	17	0.038135306601511716	0.0006086613443845798
RISE1280.SG	18	0.038797067920162125	0.0012704226630349882
RISE1280.SG	19	0.037557074117564815	3.042886043767845e-05
RISE1280.SG	20	0.03681574729422608	-0.0007108979629010595
RISE1280.SG	21	0.03808417116528198	0.0005575259081548462
RISE1280.SG	22	0.03718754343526641	-0.0003391018218607267
I10967.AG	1	0.027593879326700224	0.00022636578552959197
I10967.AG	2	0.03009289029907695	0.002725376757906319
I10967.AG	3	0.0274595142979558	9.200075678516759e-05
I10967.AG	4	0.025270192609057465	-0.0020973209321131676
I10967.AG	5	0.02578045803293666	-0.0015870555082339727
I10967.AG	6	0.02711446256596817	-0.00025305097520246164
I10967.AG	7	0.030050431592417163	0.0026829180512465307
I10967.AG	8	0.0286154532920103	0.0012479397508396682
I10967.AG	9	0.02737207623907767	4.5626979070373386e-06
I10967.AG	10	0.02475345377025658	-0.0026140597709140533
I10967.AG	11	0.02681279675124077	-0.0005547167899298613
I10967.AG	12	0.023512866257014126	-0.0038546472841565066
I10967.AG	13	0.027708994727627077	0.00034148118645644515
I10967.AG	14	0.028862722074218545	0.0014952085330479127
I10967.AG	15	0.025027019255718326	-0.002340494285452306
I10967.AG	16	0.028653461210648455	0.001285947669477823
I10967.AG	17	0.028400983146317352	0.0010334696051467196
I10967.AG	18	0.02749782813974677	0.00013031459857613947
I10967.AG	19	0.02754522729669489	0.00017771375552425722
I10967.AG	20	0.028879132971811394	0.0015116194306407614
I10967.AG	21	0.02687624830074115	-0.000491265240429483
I10967.AG	22	0.028146168696989167	0.0007786551558185348
CAN.019.SG	1	0.07038018316453168	-0.0005920420675876309
CAN.019.SG	2	0.07148455904139281	0.0005123338092734991
CAN.019.SG	3	0.07455176418110333	0.0035795389489840235
CAN.019.SG	4	0.07896153404415414	0.007989308812034829
CAN.019.SG	5	0.0697350382385316	-0.0012371869935877133
CAN.019.SG	6	0.05968414174134433	-0.01128808349077498
CAN.019.SG	7	0.0714608846673354	0.0004886594352160878
CAN.019.SG	8	0.06945689773177283	-0.0015153275003464833
CAN.019.SG	9	0.06444750449812393	-0.006524720733995376
CAN.019.SG	10	0.07369422674130338	0.0027220015091840716
CAN.019.SG	11	0.06728164921752967	-0.003690576014589636
CAN.019.SG	12	0.07313540691661378	0.002163181684494475
CAN.019.SG	13	0.07021308909792767	-0.0007591361341916375
CAN.019.SG	14	0.07276907900581828	0.001796853773698967
CAN.019.SG	15	0.07656863671506192	0.005596411482942612
CAN.019.SG	16	0.07331447916834131	0.002342253936222005
CAN.019.SG	17	0.07003335157392965	-0.0009388736581896623
CAN.019.SG	18	0.07291477178829134	0.0019425465561720284
CAN.019.SG	19	0.07066375757189063	-0.000308467660228684
CAN.019.SG	20	0.06610260098452603	-0.004869624247593282
CAN.019.SG	21	0.0728118558081999	0.0018396305760805948
CAN.019.SG	22	0.0716620530260001	0.0006898277938807845
DA45_d.SG	1	0.036882161160387554	0.0010462368524842697
DA45_d.SG	2	0.035467159856686276	-0.0003687644512170088
DA45_d.SG	3	0.03501274549314257	-0.0008231788147607111
DA45_d.SG	4	0.03531143760469463	-0.0005244867032086556
DA45_d.SG	5	0.037424469516890733	0.0015885452089874491
DA45_d.SG	6	0.03427667260064586	-0.0015592517072574238
DA45_d.SG	7	0.038187926732436844	0.00235200242453356
DA45_d.SG	8	0.03464643849392497	-0.0011894858139783124
DA45_d.SG	9	0.034924694319408395	-0.0009112299884948896
DA45_d.SG	10	0.03393989749840969	-0.0018960268094935923
DA45_d.SG	11	0.0363463457181388	0.0005104214102355162
DA45_d.SG	12	0.03553485929175208	-0.00030106501615120157
DA45_d.SG	13	0.03573114654212067	-0.00010477776578261128
DA45_d.SG	14	0.03608175314816933	0.00024582884026604773
DA45_d.SG	15	0.037082394741292136	0.001246470433388852
DA45_d.SG	16	0.03486013723462762	-0.0009757870732756621
DA45_d.SG	17	0.03533822924438369	-0.0004976950635195918
DA45_d.SG	18	0.036901600615620464	0.0010656763077171796
DA45_d.SG	19	0.036048667876180086	0.00021274356827680196
DA45_d.SG	20	0.036079305643471	0.00024338133556771335
DA45_d.SG	21	0.0363803666262082	0.0005444423183049163
DA45_d.SG	22	0.03586023888275538	2.4314574852093984e-05
I4106.AG	1	0.028561839817078213	-0.0006970351106024009
I4106.AG	2	0.03197384075109653	0.002714965823415915
I4106.AG	3	0.029987055233159796	0.000728180305479182
I4106.AG	4	0.0276927700889066	-0.0015661048387740142
I4106.AG	5	0.0288335047531685	-0.0004253701745121144
I4106.AG	6	0.02790005944876515	-0.0013588154789154622
I4106.AG	7	0.030402067699525106	0.0011431927718444923
I4106.AG	8	0.02897221761385935	-0.0002866573138212633
I4106.AG	9	0.028253288548253964	-0.001005586379426649
I4106.AG	10	0.02865755969538004	-0.0006013152323005727
I4106.AG	11	0.029522268165533102	0.00026339323785248836
I4106.AG	12	0.028627428204343473	-0.000631446723337141
I4106.AG	13	0.029655676447358323	0.0003968015196777093
I4106.AG	14	0.029880496467735794	0.0006216215400551804
I4106.AG	15	0.02945871950802169	0.0001998445803410749
I4106.AG	16	0.02893341711319159	-0.0003254578144890226
I4106.AG	17	0.02923010623736347	-2.8768690317142187e-05
I4106.AG	18	0.029688125867896126	0.00042925094021551216
I4106.AG	19	0.02953312210870478	0.0002742471810241662
I4106.AG	20	0.029428732189367916	0.00016985726168730272
I4106.AG	21	0.029748515199365493	0.000489640271684879
I4106.AG	22	0.028756926248328138	-0.0005019486793524756
I5504.AG	1	0.06563341741617412	-0.0044909796465324725
I5504.AG	2	0.06486398480661296	-0.005260412256093638
I5504.AG	3	0.06883228534900333	-0.0012921117137032617
I5504.AG	4	0.06890581806083199	-0.001218579001874609
I5504.AG	5	0.0740088256173825	0.0038844285546759116
I5504.AG	6	0.08128277051992946	0.01115837345722287
I5504.AG	7	0.06671659102477295	-0.0034078060379336417
I5504.AG	8	0.07476698867102917	0.004642591608322574
I5504.AG	9	0.06443257535859179	-0.005691821704114808
I5504.AG	10	0.07258449678122281	0.002460099718516212
I5504.AG	11	0.07456243759036722	0.004438040527660628
I5504.AG	12	0.06515811238215855	-0.00496628468054805
I5504.AG	13	0.07232268866785968	0.0021982916051530854
I5504.AG	14	0.06877853490122111	-0.001345862161485481
I5504.AG	15	0.06997404444588434	-0.00015035261682225243
I5504.AG	16	0.06975089184690189	-0.00037350521580470364
I5504.AG	17	0.0707092449605328	0.0005848478978262017
I5504.AG	18	0.07210965964510918	0.001985262582402586
I5504.AG	19	0.07247563965479611	0.0023512425920895197
I5504.AG	20	0.06503370625935322	-0.005090690803353379
I5504.AG	21	0.07158135134502214	0.0014569542823155424
I5504.AG	22	0.0680401270372233	-0.002084270025483295
TK5-8.AG	1	0.03794958315656311	-0.0005390979868341444
TK5-8.AG	2	0.039835217713616956	0.0013465365702197002
TK5-8.AG	3	0.03743383325402338	-0.0010548478893738777
TK5-8.AG	4	0.03897070727189038	0.0004820261284931224
TK5-8.AG	5	0.03728187628278432	-0.001206804860612934
TK5-8.AG	6	0.03909992699311037	0.0006112458497131157
TK5-8.AG	7	0.04012286863578101	0.001634187492383754
TK5-8.AG	8	0.038762086634576386	0.0002734054911791295
TK5-8.AG	9	0.03674083095938999	-0.001747850184007263
TK5-8.AG	10	0.036553289071780945	-0.0019353920716163112
TK5-8.AG	11	0.03948182876898272	0.0009931476255854652
TK5-8.AG	12	0.03745524649332798	-0.001033434650069276
TK5-8.AG	13	0.03700858197004651	-0.001480099173350749
TK5-8.AG	14	0.0382342342078325	-0.00025444693556475606
TK5-8.AG	15	0.03930752637030869	0.0008188452269114327
TK5-8.AG	16	0.03808912453211663	-0.00039955661128062564
TK5-8.AG	17	0.03862967909719319	0.00014099795379593494
TK5-8.AG	18	0.04017224872898349	0.0016835675855862361
TK5-8.AG	19	0.03818372276072502	-0.0003049583826722352
TK5-8.AG	20	0.03872982900392307	0.00024114786052581438
TK5-8.AG	21	0.03896455890815812	0.0004758777647608653
TK5-8.AG	22	0.03965820163303484	0.0011695204896375808
WAT003.AG	1	0.015021590040542154	-0.0007786512541260761
WAT003.AG	2	0.01795027279478346	0.0021500315001152306
WAT003.AG	3	0.017001664515176675	0.001201423220508445
WAT003.AG	4	0.015863394193279846	6.315289861161602e-05
WAT003.AG	5	0.015672274482290943	-0.00012796681237728716
WAT003.AG	6	0.01609952122527932	0.0002992799306110912
WAT003.AG	7	0.017195579796634948	0.0013953385019667176
WAT003.AG	8	0.016420554631753664	0.0006203133370854333
WAT003.AG	9	0.013575633936107837	-0.002224607358560393
WAT003.AG	10	0.014433298941108197	-0.0013669423535600331
WAT003.AG	11	0.0166355098840896	0.0008352685894213695
WAT003.AG	12	0.015517844137590582	-0.00028239715707764797
WAT003.AG	13	0.014774020817291272	-0.0010262204773769587
WAT003.AG	14	0.015077822375069841	-0.0007224189195983895
WAT003.AG	15	0.014895403479723842	-0.0009048378149443884
WAT003.AG	16	0.014747695819087223	-0.001052545475581007
WAT003.AG	17	0.016435345726688273	0.0006351044320200422
WAT003.AG	18	0.01772638889526598	0.0019261476005977482
WAT003.AG	19	0.016332548250965116	0.0005323069562968852
WAT003.AG	20	0.01479869552432601	-0.00100154577034222
WAT003.AG	21	0.016368030507686506	0.0005677892130182757
WAT003.AG	22	0.015143243764623997	-0.0006569975300442336
