genetic_id	distance_cm	covariance	n_pairs	fitted_covariance
RNI013.SG	0.0225	0.17421383647798744	265	0.15418995131648144
RNI013.SG	0.0275	0.15931372549019607	256	0.1538285817526641
RNI013.SG	0.0325	0.1423948220064725	207	0.15346850391609163
RNI013.SG	0.037500000000000006	0.1708542713567839	200	0.15310971318944303
RNI013.SG	0.042499999999999996	0.10800744878957169	180	0.15275220497190206
RNI013.SG	0.0475	0.06427719540518487	179	0.1523959746790983
RNI013.SG	0.052500000000000005	0.08647450110864745	165	0.15204101774304823
RNI013.SG	0.057499999999999996	0.11712303760496531	166	0.15168732961209677
RNI013.SG	0.0625	0.04251253881060425	159	0.15133490575085887
RNI013.SG	0.0675	0.16790950984499373	155	0.15098374164016137
RNI013.SG	0.0725	0.16939619520264682	156	0.15063383277698508
RNI013.SG	0.0775	0.15108267716535434	128	0.1502851746744069
RNI013.SG	0.0825	0.07924095506203732	139	0.1499377628615425
RNI013.SG	0.08750000000000001	0.11967054263565892	129	0.14959159288348875
RNI013.SG	0.0925	0.06622516556291391	152	0.14924666030126682
RNI013.SG	0.0975	0.09067777006708304	132	0.14890296069176512
RNI013.SG	0.10250000000000001	0.17164750957854405	145	0.1485604896476826
RNI013.SG	0.10750000000000001	0.24903164855928198	146	0.14821924277747223
RNI013.SG	0.1125	0.13399668325041458	135	0.14787921570528478
RNI013.SG	0.11750000000000001	0.164274322169059	133	0.14754040407091254
RNI013.SG	0.12250000000000001	0.1969993476842792	147	0.14720280352973364
RNI013.SG	0.1275	0.20289529794635844	134	0.14686640975265602
RNI013.SG	0.1325	0.2754401030485187	137	0.14653121842606226
RNI013.SG	0.1375	0.25144410465511385	109	0.14619722525175402
RNI013.SG	0.1425	0.1867732558139535	129	0.14586442594689705
RNI013.SG	0.1475	0.16619747680116775	139	0.14553281624396622
RNI013.SG	0.1525	0.18268015170670035	113	0.14520239189069079
RNI013.SG	0.1575	0.2708924103419516	110	0.14487314864999987
RNI013.SG	0.1625	0.13773405268168837	138	0.1445450822999682
RNI013.SG	0.16749999999999998	0.13873458880910447	122	0.14421818863376193
RNI013.SG	0.1725	0.18438095238095237	126	0.14389246345958456
RNI013.SG	0.1775	0.14217854217854217	111	0.14356790260062338
RNI013.SG	0.1825	0.2128205128205128	105	0.14324450189499588
RNI013.SG	0.1875	0.08333333333333333	112	0.14292225719569623
RNI013.SG	0.1925	0.19491360900795962	102	0.1426011643705423
RNI013.SG	0.19749999999999998	0.13662474770998292	114	0.1422812193021225
RNI013.SG	0.20249999999999999	0.15072463768115943	115	0.1419624178877431
RNI013.SG	0.2075	0.05267326732673268	101	0.14164475603937562
RNI013.SG	0.2125	0.032128514056224904	84	0.14132822968360428
RNI013.SG	0.2175	0.12456140350877191	96	0.14101283476157397
RNI013.SG	0.2225	0.07577302072714917	109	0.14069856722893798
RNI013.SG	0.2275	0.07912207018019239	122	0.1403854230558063
RNI013.SG	0.23249999999999998	0.19589106545628285	92	0.14007339822669393
RNI013.SG	0.2375	0.1333754740834387	113	0.13976248874046926
RNI013.SG	0.2425	0.06015610127546164	103	0.13945269061030294
RNI013.SG	0.2475	0.06793206793206794	78	0.1391439998636166
RNI013.SG	0.2525	0.20363636363636364	100	0.13883641254203208
RNI013.SG	0.2575	0.13973013493253375	116	0.13852992470132047
RNI013.SG	0.2625	0.1967388398823844	87	0.13822453241135166
RNI013.SG	0.2675	0.181769580326116	87	0.13792023175604393
RNI013.SG	0.2725	0.3019227108319056	103	0.13761701883331376
RNI013.SG	0.2775	0.12112890922959572	115	0.1373148897550257
RNI013.SG	0.28250000000000003	0.18820014936519794	104	0.13701384064694258
RNI013.SG	0.28750000000000003	0.310834198684666	108	0.13671386764867582
RNI013.SG	0.29250000000000004	0.13183730715287517	93	0.13641496691363592
RNI013.SG	0.29750000000000004	0.09696969696969697	100	0.13611713460898314
RNI013.SG	0.30250000000000005	0.12756756756756757	75	0.1358203669155784
RNI013.SG	0.30750000000000005	-0.0015530964861192001	102	0.13552466002793412
RNI013.SG	0.3125	0.07466666666666667	126	0.13523001015416572
RNI013.SG	0.3175	0.1813186813186813	105	0.13493641351594277
RNI013.SG	0.3225	0.1712538226299694	109	0.13464386634844053
RNI013.SG	0.3275	0.2560296846011132	99	0.1343523649002919
RNI013.SG	0.3325	0.1377091377091377	112	0.134061905433539
RNI013.SG	0.3375	0.12259661146011802	103	0.13377248422358554
RNI013.SG	0.3425	0.06945863125638406	89	0.13348409755914883
RNI013.SG	0.34750000000000003	0.2768777614138439	98	0.13319674174221235
RNI013.SG	0.35250000000000004	0.17133497133497136	111	0.1329104130879782
RNI013.SG	0.35750000000000004	0.14661236579044798	74	0.13262510792481993
RNI013.SG	0.36250000000000004	0.08123249299719888	85	0.13234082259423546
RNI013.SG	0.36750000000000005	0.16531895777178798	106	0.1320575534508001
RNI013.SG	0.3725	0.10704225352112676	71	0.13177529686211992
RNI013.SG	0.3775	0.09474562135112595	110	0.13149404920878496
RNI013.SG	0.3825	0.151426907396622	102	0.13121380688432316
RNI013.SG	0.3875	0.23333333333333334	81	0.13093456629515376
RNI013.SG	0.3925	0.033197139938712976	89	0.1306563238605414
RNI013.SG	0.3975	0.03667783459707283	107	0.13037907601255022
RNI013.SG	0.4025	-0.010455563853622106	104	0.13010281919599803
RNI013.SG	0.40750000000000003	0.03368083400160385	87	0.12982754986841075
RNI013.SG	0.41250000000000003	0.06985062066063538	98	0.12955326449997698
RNI013.SG	0.41750000000000004	0.14964249233912155	89	0.12927995957350277
RNI013.SG	0.42250000000000004	0.19696969696969696	88	0.12900763158436654
RNI013.SG	0.42750000000000005	0.05924510272336359	92	0.12873627704047394
RNI013.SG	0.43250000000000005	0.1734587251828631	88	0.1284658924622134
RNI013.SG	0.4375	0.1619887730553328	87	0.12819647438241125
RNI013.SG	0.4425	0.07839506172839507	81	0.12792801934628736
RNI013.SG	0.4475	0.06047032474804031	95	0.12766052391141075
RNI013.SG	0.4525	0.06405856783344772	94	0.1273939846476557
RNI013.SG	0.4575	0.24449015574493094	83	0.12712839813715734
RNI013.SG	0.4625	0.10610079575596816	117	0.12686376097426832
RNI013.SG	0.4675	0.14158829676071055	88	0.12660006976551474
RNI013.SG	0.47250000000000003	0.12285456187895212	82	0.1263373211295528
RNI013.SG	0.47750000000000004	0.007518796992481205	77	0.12607551169712541
RNI013.SG	0.48250000000000004	0.27881188118811884	101	0.1258146381110191
RNI013.SG	0.48750000000000004	0.15910364145658265	85	0.1255546970260207
RNI013.SG	0.49250000000000005	0.1379619260918253	95	0.1252956851088748
RNI013.SG	0.49750000000000005	0.12557077625570778	73	0.12503759903824066
RNI013.SG	0.5025	0.06691086691086691	91	0.1247804355046499
RNI013.SG	0.5075	0.017241379310344827	88	0.12452419121046382
RNI013.SG	0.5125	0.06393861892583119	69	0.12426886286983138
RNI013.SG	0.5175	0.09555984555984556	112	0.12401444720864682
RNI013.SG	0.5225000000000001	0.29118451504313064	98	0.12376094096450779
RNI013.SG	0.5275000000000001	0.13382173382173382	91	0.12350834088667353
RNI013.SG	0.5325	0.04207868714496108	98	0.12325664373602316
RNI013.SG	0.5375	0.15464994775339602	88	0.12300584628501413
RNI013.SG	0.5425	0.17919289152165863	74	0.12275594531764081
RNI013.SG	0.5475	0.07927927927927929	75	0.12250693762939335
RNI013.SG	0.5525	0.15533199195171027	71	0.1222588200272165
RNI013.SG	0.5575	0.3494736842105263	76	0.12201158932946868
RNI013.SG	0.5625	0.13333333333333333	75	0.12176524236588118
RNI013.SG	0.5675	0.1818729298404095	82	0.12151977597751756
RNI013.SG	0.5725	0.12087912087912088	105	0.1212751870167331
RNI013.SG	0.5775	0.11079383209594518	103	0.12103147234713435
RNI013.SG	0.5825	0.10566037735849057	106	0.12078862884353911
RNI013.SG	0.5875	0.23003737682636766	109	0.12054665339193621
RNI013.SG	0.5925	0.050257731958762895	97	0.12030554288944556
RNI013.SG	0.5975	0.1278805582603051	79	0.12006529424427848
RNI013.SG	0.6025	0.16722408026755853	92	0.11982590437569801
RNI013.SG	0.6075	0.05172413793103448	88	0.11958737021397928
RNI013.SG	0.6125	0.06868686868686869	100	0.11934968870037035
RNI013.SG	0.6175	0.016415868673050612	86	0.11911285678705286
RNI013.SG	0.6225	0.043745727956254275	77	0.11887687143710296
RNI013.SG	0.6275000000000001	0.08210526315789474	76	0.11864172962445238
RNI013.SG	0.6325000000000001	0.00361827227498869	67	0.11840742833384965
RNI013.SG	0.6375000000000001	0.07919506653683869	79	0.11817396456082141
RNI013.SG	0.6425000000000001	0.10576923076923077	65	0.11794133531163387
RNI013.SG	0.6475000000000001	-0.029962546816479398	90	0.11770953760325448
RNI013.SG	0.6525000000000001	-0.02526315789473684	76	0.11747856846331362
RNI013.SG	0.6575000000000001	0.09022556390977443	77	0.1172484249300664
RNI013.SG	0.6625	0.1199235547061634	92	0.11701910405235497
RNI013.SG	0.6675	-0.04395604395604396	91	0.11679060288957036
RNI013.SG	0.6725	0.15533199195171027	71	0.11656291851161493
RNI013.SG	0.6775	0.04381846635367762	72	0.1163360479988648
RNI013.SG	0.6825	0.21071115013169447	68	0.1161099884421323
RNI013.SG	0.6875	0.10836454431960052	90	0.11588473694262885
RNI013.SG	0.6925	0.03481012658227848	80	0.11566029061192765
RNI013.SG	0.6975	0.04389815627743635	68	0.1154366465719266
RNI013.SG	0.7025	0.26952980377637914	74	0.11521380195481157
RNI013.SG	0.7075	0.10840108401084012	82	0.1149917539030195
RNI013.SG	0.7125	0.04034929238181271	82	0.11477049956920171
RNI013.SG	0.7175	0.2	60	0.11455003611618758
RNI013.SG	0.7225	0.09833187006145741	68	0.11433036071694794
RNI013.SG	0.7275	0.0928462709284627	73	0.11411147055455899
RNI013.SG	0.7325	0.12884116993706035	74	0.11389336282216611
RNI013.SG	0.7375	0.09207161125319693	69	0.11367603472294785
RNI013.SG	0.7425	0.10632911392405063	80	0.1134594834700801
RNI013.SG	0.7475	0.11278195488721805	57	0.11324370628670036
RNI013.SG	0.7525000000000001	0.09407507914970602	67	0.11302870040587207
RNI013.SG	0.7575000000000001	0.23636363636363636	56	0.11281446307054922
RNI013.SG	0.7625000000000001	0.006790123456790126	81	0.11260099153354095
RNI013.SG	0.7675000000000001	0.12151898734177215	80	0.1123882830574763
RNI013.SG	0.7725000000000001	0.1991341991341991	78	0.11217633491476911
RNI013.SG	0.7775000000000001	0.12070175438596491	76	0.11196514438758313
RNI013.SG	0.7825000000000001	0.1617283950617284	81	0.11175470876779706
RNI013.SG	0.7875000000000001	0.06639427987742595	89	0.11154502535696986
RNI013.SG	0.7925	0.22702702702702704	75	0.11133609146630619
RNI013.SG	0.7975	0.1391304347826087	70	0.11112790441662188
RNI013.SG	0.8025	0.08210526315789474	76	0.11092046153830956
RNI013.SG	0.8075	0.33690360272638753	79	0.11071376017130452
RNI013.SG	0.8125	0.20512820512820512	52	0.11050779766505049
RNI013.SG	0.8175	0.0963855421686747	84	0.1103025713784657
RNI013.SG	0.8225	0.2754303599374022	72	0.11009807867990905
RNI013.SG	0.8275	0.16072072072072074	75	0.1098943169471463
RNI013.SG	0.8325	0.22774659182036885	87	0.10969128356731644
RNI013.SG	0.8375	0.3435635123614663	69	0.10948897593689831
RNI013.SG	0.8425	0.1278805582603051	79	0.10928739146167701
RNI013.SG	0.8475	0.10126582278481013	80	0.10908652755671083
RNI013.SG	0.8525	-0.024054982817869414	97	0.10888638164629798
RNI013.SG	0.8575	0.18360655737704917	61	0.10868695116394357
RNI013.SG	0.8625	0.16231884057971013	70	0.1084882335523268
RNI013.SG	0.8675	0.04195804195804196	66	0.10829022626326806
RNI013.SG	0.8725	-0.04346076458752515	71	0.1080929267576963
RNI013.SG	0.8775000000000001	0.15037593984962405	77	0.10789633250561644
RNI013.SG	0.8825000000000001	0.03365384615384615	65	0.10770044098607694
RNI013.SG	0.8875000000000001	0.030246913580246913	81	0.10750524968713754
RNI013.SG	0.8925000000000001	0.03312629399585921	70	0.10731075610583693
RNI013.SG	0.8975000000000001	0.022920952101087275	83	0.1071169577481608
RNI013.SG	0.9025000000000001	-0.03365384615384615	65	0.10692385212900965
RNI013.SG	0.9075000000000001	0.0869847452125933	79	0.10673143677216718
RNI013.SG	0.9125000000000001	0.148314606741573	90	0.10653970921026827
RNI013.SG	0.9175	0.08333333333333334	81	0.10634866698476762
RNI013.SG	0.9225	0.13333333333333333	91	0.106158307645908
RNI013.SG	0.9275	0.24761904761904763	70	0.10596862875268889
RNI013.SG	0.9325	0.21195097037793664	89	0.1057796278728353
RNI013.SG	0.9375	0.09070796460176991	113	0.10559130258276639
RNI013.SG	0.9425	0.05230678812812225	83	0.10540365046756454
RNI013.SG	0.9475	0.041025641025641026	91	0.10521666912094432
RNI013.SG	0.9525	0.08792792792792793	75	0.10503035614522163
RNI013.SG	0.9575	0.28730099962976674	74	0.10484470915128302
RNI013.SG	0.9625	0.05754385964912281	76	0.10465972575855492
RNI013.SG	0.9675	0.2146118721461187	73	0.10447540359497329
RNI013.SG	0.9725	0.030961298377028722	90	0.10429174029695304
RNI013.SG	0.9775	0.015868351454598886	83	0.10410873350935784
RNI013.SG	0.9825	0.04214223002633889	68	0.10392638088546982
RNI013.SG	0.9875	0.04491161012900144	92	0.10374468008695958
RNI013.SG	0.9925	0.050156739811912224	88	0.10356362878385614
RNI013.SG	0.9975	0.15540355677154583	86	0.10338322465451705
ZKU002.SG	0.0225	0.10159902188766093	708	0.12540082666463992
ZKU002.SG	0.0275	0.19101090217746486	687	0.12443173660498859
ZKU002.SG	0.0325	0.1265652100630162	607	0.12347801739320388
ZKU002.SG	0.037500000000000006	0.08442543262687147	556	0.12253942523051625
ZKU002.SG	0.042499999999999996	0.10751848235458222	536	0.12161572018507621
ZKU002.SG	0.0475	0.059521740772921314	515	0.12070666613062063
ZKU002.SG	0.052500000000000005	0.05769683912882485	488	0.11981203068611201
ZKU002.SG	0.057499999999999996	0.11670469804960043	462	0.11893158515633492
ZKU002.SG	0.0625	0.14283482368510536	467	0.11806510447343485
ZKU002.SG	0.0675	0.06818233231534894	421	0.11721236713938413
ZKU002.SG	0.0725	0.14230033307348877	412	0.11637315516936056
ZKU002.SG	0.0775	0.09503658644097682	399	0.11554725403602409
ZKU002.SG	0.0825	0.11147869674185465	400	0.11473445261467718
ZKU002.SG	0.08750000000000001	0.11779088163382713	409	0.11393454312929524
ZKU002.SG	0.0925	0.15212080553903015	398	0.11314732109941283
ZKU002.SG	0.0975	0.1289169477355934	373	0.11237258528785254
ZKU002.SG	0.10250000000000001	0.12366618989152312	398	0.11161013764928271
ZKU002.SG	0.10750000000000001	0.1704102776626606	381	0.11085978327959124
ZKU002.SG	0.1125	0.13004001231148044	361	0.11012133036606242
ZKU002.SG	0.11750000000000001	0.13034641215977377	369	0.10939459013834384
ZKU002.SG	0.12250000000000001	0.11665547848139032	328	0.10867937682019116
ZKU002.SG	0.1275	0.11437076871368895	354	0.10797550758197824
ZKU002.SG	0.1325	0.10865874363327674	342	0.1072828024939605
ZKU002.SG	0.1375	0.07860654081838792	299	0.10660108448027944
ZKU002.SG	0.1425	0.06306616213736957	324	0.10593017927369705
ZKU002.SG	0.1475	0.0928036470205145	333	0.10526991537104777
ZKU002.SG	0.1525	0.09995859703081564	319	0.10462012398939732
ZKU002.SG	0.1575	0.10600962408191324	333	0.10398063902289675
ZKU002.SG	0.1625	0.10971590334647659	315	0.10335129700032093
ZKU002.SG	0.16749999999999998	0.12410653675677834	317	0.10273193704328047
ZKU002.SG	0.1725	0.10826210826210826	352	0.10212240082509641
ZKU002.SG	0.1775	0.06381354229455495	316	0.1015225325303273
ZKU002.SG	0.1825	0.09040609666979853	310	0.10093217881493818
ZKU002.SG	0.1875	0.11962804724805227	346	0.10035118876710131
ZKU002.SG	0.1925	0.0618744313011829	315	0.09977941386861858
ZKU002.SG	0.19749999999999998	0.08595290768465641	342	0.09921670795695604
ZKU002.SG	0.20249999999999999	0.16395418927064498	316	0.09866292718788028
ZKU002.SG	0.2075	0.08961575875486381	257	0.09811792999868768
ZKU002.SG	0.2125	0.1666926021599079	254	0.09758157707201681
ZKU002.SG	0.2175	0.11209344938158497	296	0.09705373130023477
ZKU002.SG	0.2225	0.26684503901895207	300	0.09653425775038846
ZKU002.SG	0.2275	0.1353522196895691	333	0.09602302362971171
ZKU002.SG	0.23249999999999998	0.12157367862065849	298	0.09551989825167956
ZKU002.SG	0.2375	0.18126245847176078	301	0.09502475300260091
ZKU002.SG	0.2425	0.14465826144658264	275	0.09453746130874108
ZKU002.SG	0.2475	0.10644353760159117	242	0.09405789860396578
ZKU002.SG	0.2525	0.07188775224998603	268	0.09358594229789845
ZKU002.SG	0.2575	0.10473984746236473	317	0.09312147174458237
ZKU002.SG	0.2625	0.03301417883116203	277	0.09266436821164015
ZKU002.SG	0.2675	0.06279744304581679	267	0.09221451484992213
ZKU002.SG	0.2725	0.041714686009988025	298	0.09177179666363636
ZKU002.SG	0.2775	0.027054021191592843	304	0.09133610048095224
ZKU002.SG	0.28250000000000003	0.03318292536836641	317	0.09090731492507047
ZKU002.SG	0.28750000000000003	0.09668989547038327	288	0.09048533038575184
ZKU002.SG	0.29250000000000004	0.04346495255586165	243	0.09007003899129765
ZKU002.SG	0.29750000000000004	0.05980999586947542	270	0.0896613345809745
ZKU002.SG	0.30250000000000005	0.05548654244306419	231	0.08925911267787649
ZKU002.SG	0.30750000000000005	0.06423702965983007	254	0.08886327046221781
ZKU002.SG	0.3125	0.07503908285565399	304	0.08847370674504904
ZKU002.SG	0.3175	0.0744789018810371	281	0.08809032194239014
ZKU002.SG	0.3225	0.038272425249169434	301	0.08771301804977397
ZKU002.SG	0.3275	0.08893520931040472	304	0.0873416986171934
ZKU002.SG	0.3325	0.11775705789159287	278	0.08697626872444587
ZKU002.SG	0.3375	0.10487135954028992	248	0.08661663495686898
ZKU002.SG	0.3425	0.08145048814504882	240	0.08626270538146089
ZKU002.SG	0.34750000000000003	0.05219302911037833	238	0.08591438952337958
ZKU002.SG	0.35250000000000004	0.0494568324757004	265	0.08557159834281489
ZKU002.SG	0.35750000000000004	0.03759255743307386	230	0.08523424421222711
ZKU002.SG	0.36250000000000004	0.10220603116777979	244	0.08490224089394705
ZKU002.SG	0.36750000000000005	0.061808118081180814	272	0.08457550351813091
ZKU002.SG	0.3725	0.036442989634479	235	0.08425394856106522
ZKU002.SG	0.3775	0.0699166298729969	278	0.08393749382381564
ZKU002.SG	0.3825	0.20837434693723025	282	0.08362605841121447
ZKU002.SG	0.3875	0.08988021478727798	270	0.08331956271118149
ZKU002.SG	0.3925	0.10299977445304864	283	0.08301792837437277
ZKU002.SG	0.3975	0.044075304540420815	301	0.08272107829415225
ZKU002.SG	0.4025	0.03398639640250378	298	0.082428936586881
ZKU002.SG	0.40750000000000003	0.1289393367854326	242	0.08214142857251912
ZKU002.SG	0.41250000000000003	0.12705542632549932	274	0.08185848075553538
ZKU002.SG	0.41750000000000004	0.07055001160362033	279	0.08158002080611951
ZKU002.SG	0.42250000000000004	0.09485873089393237	255	0.08130597754169261
ZKU002.SG	0.42750000000000005	0.011880011880011879	260	0.08103628090871076
ZKU002.SG	0.43250000000000005	0.04560669456066946	240	0.08077086196475733
ZKU002.SG	0.4375	0.0898884239888424	240	0.08050965286091918
ZKU002.SG	0.4425	0.1636103068058846	262	0.0802525868244425
ZKU002.SG	0.4475	0.17128286852589641	251	0.07999959814166376
ZKU002.SG	0.4525	0.052467140702434814	273	0.07975062214121134
ZKU002.SG	0.4575	0.08171301993600787	239	0.07950559517747359
ZKU002.SG	0.4625	0.09702571394715014	291	0.0792644546143292
ZKU002.SG	0.4675	0.03708641376802812	223	0.07902713880913548
ZKU002.SG	0.47250000000000003	0.16159250585480095	245	0.07879358709697072
ZKU002.SG	0.47750000000000004	0.025090789039286895	234	0.07856373977512648
ZKU002.SG	0.48250000000000004	0.14939965694682678	265	0.07833753808784576
ZKU002.SG	0.48750000000000004	0.05150157624025219	246	0.0781149242113033
ZKU002.SG	0.49250000000000005	0.023385539583780306	237	0.07789584123882415
ZKU002.SG	0.49750000000000005	0.08046469923199875	227	0.0776802331663366
ZKU002.SG	0.5025	0.20610141822263034	243	0.07746804487805592
ZKU002.SG	0.5075	0.10457516339869281	289	0.07725922213239511
ZKU002.SG	0.5125	0.03644536652835408	241	0.07705371154809915
ZKU002.SG	0.5175	0.13310312352848844	277	0.0768514605905992
ZKU002.SG	0.5225000000000001	0.10519891250069356	269	0.07665241755858322
ZKU002.SG	0.5275000000000001	0.021966527196652718	240	0.07645653157077956
ZKU002.SG	0.5325	0.04164838700242754	262	0.0762637525529502
ZKU002.SG	0.5375	0.09486304982243944	239	0.07607403122509034
ZKU002.SG	0.5425	0.006625258799171843	231	0.07588731908883094
ZKU002.SG	0.5475	0.06595646132468735	255	0.0757035684150411
ZKU002.SG	0.5525	0.07645856558900037	208	0.07552273223162714
ZKU002.SG	0.5575	0.09509043927648578	216	0.0753447643115251
ZKU002.SG	0.5625	0.02450145914396887	257	0.07516961916088374
ZKU002.SG	0.5675	0.06098214969738758	229	0.07499725200743498
ZKU002.SG	0.5725	0.04865277071682765	281	0.0748276187890488
ZKU002.SG	0.5775	0.10853049706967659	272	0.0746606761424696
ZKU002.SG	0.5825	0.04169859069907827	294	0.07449638139223137
ZKU002.SG	0.5875	0.0805185007372861	242	0.07433469253974852
ZKU002.SG	0.5925	0.06219186219186219	260	0.07417556825257979
ZKU002.SG	0.5975	0.05228931652289317	275	0.0740189678538625
ZKU002.SG	0.6025	0.08293146003417505	230	0.07386485131191431
ZKU002.SG	0.6075	0.0682995412165162	233	0.07371317922999997
ZKU002.SG	0.6125	0.07537724379603805	237	0.07356391283626032
ZKU002.SG	0.6175	0.10087301587301588	225	0.0734170139738011
ZKU002.SG	0.6225	0.09696142027995902	203	0.07327244509093889
ZKU002.SG	0.6275000000000001	0.05171678901255032	206	0.07313016923160177
ZKU002.SG	0.6325000000000001	0.11014996739839165	215	0.07299015002588233
ZKU002.SG	0.6375000000000001	0.08710055346826648	223	0.07285235168074038
ZKU002.SG	0.6425000000000001	0.02460697197539303	210	0.07271673897085323
ZKU002.SG	0.6475000000000001	0.06764705882352941	256	0.07258327722961104
ZKU002.SG	0.6525000000000001	0.023318816227152702	242	0.07245193234025504
ZKU002.SG	0.6575000000000001	0.047192216348732094	229	0.07232267072715623
ZKU002.SG	0.6625	0.08322181071239614	254	0.0721954593472325
ZKU002.SG	0.6675	0.06240503581506403	272	0.07207026568150182
ZKU002.SG	0.6725	0.04856691491762582	211	0.07194705772676946
ZKU002.SG	0.6775	0.07002764249045676	214	0.071825803987447
ZKU002.SG	0.6825	0.05030758714969241	210	0.07170647346750114
ZKU002.SG	0.6875	0.0865539590549021	242	0.07158903566253018
ZKU002.SG	0.6925	0.060738316057465	235	0.07147346055196624
ZKU002.SG	0.6975	0.0588508857227413	218	0.07135971859140104
ZKU002.SG	0.7025	0.09385009609224856	224	0.07124778070503358
ZKU002.SG	0.7075	0.07455048409405256	241	0.07113761827823745
ZKU002.SG	0.7125	0.06060375925574331	230	0.07102920315024602
ZKU002.SG	0.7175	0.06016260162601626	205	0.07092250760695387
ZKU002.SG	0.7225	0.08259074114322973	215	0.07081750437383215
ZKU002.SG	0.7275	0.11105999263894001	209	0.07071416660895637
ZKU002.SG	0.7325	0.059483779303812455	206	0.0706124678961449
ZKU002.SG	0.7375	0.02323903550408202	230	0.0705123822382062
ZKU002.SG	0.7425	0.06182858026122576	228	0.0704138840502931
ZKU002.SG	0.7475	0.06540706798066663	179	0.07031694815336263
ZKU002.SG	0.7525000000000001	0.045794966236955184	181	0.07022154976773949
ZKU002.SG	0.7575000000000001	0.039623333740980794	222	0.07012766450678162
ZKU002.SG	0.7625000000000001	0.06624839776023746	244	0.0700352683706463
ZKU002.SG	0.7675000000000001	0.06921219708486095	212	0.06994433774015502
ZKU002.SG	0.7725000000000001	0.09114654399438618	227	0.06985484937075574
ZKU002.SG	0.7775000000000001	0.12189021982361459	214	0.06976678038658098
ZKU002.SG	0.7825000000000001	0.029408068367475178	219	0.0696801082745999
ZKU002.SG	0.7875000000000001	0.08277868703400619	235	0.06959481087886349
ZKU002.SG	0.7925	0.06975124378109453	201	0.06951086639484072
ZKU002.SG	0.7975	0.0879120879120879	196	0.06942825336384476
ZKU002.SG	0.8025	-0.0025327142254115646	207	0.06934695066754738
ZKU002.SG	0.8075	0.09085833206436221	199	0.06926693752258067
ZKU002.SG	0.8125	0.12743442530676571	189	0.06918819347522398
ZKU002.SG	0.8175	0.10876457103838462	203	0.06911069839617552
ZKU002.SG	0.8225	0.06186887345450963	202	0.06903443247540664
ZKU002.SG	0.8275	0.07382091592617908	210	0.06895937621709777
ZKU002.SG	0.8325	0.04871428047393713	234	0.06888551043465482
ZKU002.SG	0.8375	0.062137723162531876	228	0.0688128162458044
ZKU002.SG	0.8425	0.021012147647858918	207	0.06874127506776705
ZKU002.SG	0.8475	0.0841843088418431	220	0.06867086861250686
ZKU002.SG	0.8525	0.04	225	0.06860157888205656
ZKU002.SG	0.8575	0.11512297226582942	196	0.06853338816391669
ZKU002.SG	0.8625	0.07729468599033816	208	0.06846627902652776
ZKU002.SG	0.8675	0.08095433977786919	221	0.06840023431481423
ZKU002.SG	0.8725	0.045465309022022254	206	0.06833523714579917
ZKU002.SG	0.8775000000000001	0.06986341179889567	186	0.06827127090428846
ZKU002.SG	0.8825000000000001	0.0892135899263483	184	0.06820831923862347
ZKU002.SG	0.8875000000000001	0.06746359487068028	215	0.06814636605650112
ZKU002.SG	0.8925000000000001	0.11764705882352941	221	0.06808539552086017
ZKU002.SG	0.8975000000000001	0.08515487413239407	197	0.06802539204583276
ZKU002.SG	0.9025000000000001	0.03999802965371164	202	0.06796634029276033
ZKU002.SG	0.9075000000000001	0.04211674849972722	235	0.06790822516627248
ZKU002.SG	0.9125000000000001	0.05734196117471379	246	0.06785103181042824
ZKU002.SG	0.9175	0.1026865671641791	201	0.0677947456049184
ZKU002.SG	0.9225	0.06548864046159394	236	0.0677393521613281
ZKU002.SG	0.9275	0.0844591000957345	238	0.06768483731945885
ZKU002.SG	0.9325	0.054099119962945814	255	0.06763118714370858
ZKU002.SG	0.9375	0.02795013695567108	268	0.06757838791950949
ZKU002.SG	0.9425	0.15405046480743692	252	0.06752642614982203
ZKU002.SG	0.9475	0.0929846409298464	220	0.06747528855168476
ZKU002.SG	0.9525	0.011492998727041282	235	0.06742496205281884
ZKU002.SG	0.9575	0.1470542993385633	198	0.06737543378828625
ZKU002.SG	0.9625	0.06256855776402966	214	0.06732669109720132
ZKU002.SG	0.9675	0.005594405594405594	221	0.06727872151949404
ZKU002.SG	0.9725	0.1101449275362319	231	0.06723151279272505
ZKU002.SG	0.9775	0.060034667906819425	218	0.06718505284895089
ZKU002.SG	0.9825	0.04489976601530387	252	0.06713932981163918
ZKU002.SG	0.9875	0.15049628901010462	212	0.06709433199263255
ZKU002.SG	0.9925	0.03350559862187769	216	0.0670500478891608
ZKU002.SG	0.9975	0.03760956175298804	251	0.06700646618090052
